transaction_id,is_suspicious_ground_truth
TXN00000001,False
TXN00000002,False
TXN00000003,False
TXN00000004,False
TXN00000005,False
TXN00000006,False
TXN00000007,False
TXN00000008,False
TXN00000009,False
TXN00000010,False
TXN00000011,False
TXN00000012,False
TXN00000013,False
TXN00000014,False
TXN00000015,False
TXN00000016,False
TXN00000017,False
TXN00000018,False
TXN00000019,False
TXN00000020,False
TXN00000021,False
TXN00000022,False
TXN00000023,False
TXN00000024,False
TXN00000025,False
TXN00000026,False
TXN00000027,False
TXN00000028,False
TXN00000029,False
TXN00000030,False
TXN00000031,False
TXN00000032,False
TXN00000033,False
TXN00000034,False
TXN00000035,False
TXN00000036,False
TXN00000037,False
TXN00000038,False
TXN00000039,False
TXN00000040,False
TXN00000041,False
TXN00000042,False
TXN00000043,False
TXN00000044,False
TXN00000045,False
TXN00000046,False
TXN00000047,False
TXN00000048,False
TXN00000049,False
TXN00000050,False
TXN00000051,False
TXN00000052,False
TXN00000053,False
TXN00000054,True
TXN00000055,False
TXN00000056,False
TXN00000057,False
TXN00000058,False
TXN00000059,False
TXN00000060,False
TXN00000061,False
TXN00000062,False
TXN00000063,False
TXN00000064,False
TXN00000065,False
TXN00000066,False
TXN00000067,False
TXN00000068,False
TXN00000069,False
TXN00000070,False
TXN00000071,False
TXN00000072,False
TXN00000073,False
TXN00000074,False
TXN00000075,False
TXN00000076,False
TXN00000077,False
TXN00000078,False
TXN00000079,False
TXN00000080,False
TXN00000081,False
TXN00000082,False
TXN00000083,False
TXN00000084,False
TXN00000085,False
TXN00000086,False
TXN00000087,False
TXN00000088,False
TXN00000089,False
TXN00000090,False
TXN00000091,False
TXN00000092,False
TXN00000093,False
TXN00000094,False
TXN00000095,False
TXN00000096,False
TXN00000097,False
TXN00000098,False
TXN00000099,False
TXN00000100,False
TXN00000101,False
TXN00000102,False
TXN00000103,False
TXN00000104,False
TXN00000105,False
TXN00000106,False
TXN00000107,False
TXN00000108,False
TXN00000109,False
TXN00000110,False
TXN00000111,False
TXN00000112,False
TXN00000113,False
TXN00000114,False
TXN00000115,False
TXN00000116,False
TXN00000117,False
TXN00000118,False
TXN00000119,False
TXN00000120,False
TXN00000121,False
TXN00000122,False
TXN00000123,False
TXN00000124,False
TXN00000125,False
TXN00000126,False
TXN00000127,False
TXN00000128,False
TXN00000129,False
TXN00000130,False
TXN00000131,False
TXN00000132,False
TXN00000133,False
TXN00000134,False
TXN00000135,False
TXN00000136,False
TXN00000137,False
TXN00000138,False
TXN00000139,False
TXN00000140,False
TXN00000141,False
TXN00000142,False
TXN00000143,False
TXN00000144,False
TXN00000145,False
TXN00000146,False
TXN00000147,False
TXN00000148,False
TXN00000149,False
TXN00000150,False
TXN00000151,False
TXN00000152,False
TXN00000153,False
TXN00000154,False
TXN00000155,False
TXN00000156,False
TXN00000157,False
TXN00000158,False
TXN00000159,False
TXN00000160,False
TXN00000161,False
TXN00000162,False
TXN00000163,False
TXN00000164,False
TXN00000165,False
TXN00000166,False
TXN00000167,False
TXN00000168,False
TXN00000169,False
TXN00000170,False
TXN00000171,False
TXN00000172,False
TXN00000173,False
TXN00000174,False
TXN00000175,False
TXN00000176,False
TXN00000177,False
TXN00000178,False
TXN00000179,False
TXN00000180,False
TXN00000181,False
TXN00000182,False
TXN00000183,False
TXN00000184,False
TXN00000185,False
TXN00000186,False
TXN00000187,False
TXN00000188,False
TXN00000189,False
TXN00000190,False
TXN00000191,False
TXN00000192,False
TXN00000193,False
TXN00000194,False
TXN00000195,False
TXN00000196,False
TXN00000197,False
TXN00000198,False
TXN00000199,False
TXN00000200,False
TXN00000201,False
TXN00000202,False
TXN00000203,False
TXN00000204,False
TXN00000205,True
TXN00000206,False
TXN00000207,False
TXN00000208,False
TXN00000209,False
TXN00000210,False
TXN00000211,False
TXN00000212,False
TXN00000213,False
TXN00000214,False
TXN00000215,False
TXN00000216,False
TXN00000217,False
TXN00000218,True
TXN00000219,False
TXN00000220,False
TXN00000221,False
TXN00000222,False
TXN00000223,False
TXN00000224,False
TXN00000225,False
TXN00000226,False
TXN00000227,False
TXN00000228,False
TXN00000229,False
TXN00000230,False
TXN00000231,False
TXN00000232,False
TXN00000233,False
TXN00000234,False
TXN00000235,False
TXN00000236,False
TXN00000237,False
TXN00000238,False
TXN00000239,False
TXN00000240,False
TXN00000241,False
TXN00000242,False
TXN00000243,False
TXN00000244,False
TXN00000245,True
TXN00000246,False
TXN00000247,False
TXN00000248,False
TXN00000249,False
TXN00000250,False
TXN00000251,False
TXN00000252,False
TXN00000253,False
TXN00000254,False
TXN00000255,False
TXN00000256,False
TXN00000257,False
TXN00000258,False
TXN00000259,False
TXN00000260,False
TXN00000261,True
TXN00000262,False
TXN00000263,True
TXN00000264,False
TXN00000265,False
TXN00000266,False
TXN00000267,False
TXN00000268,False
TXN00000269,False
TXN00000270,False
TXN00000271,False
TXN00000272,False
TXN00000273,False
TXN00000274,False
TXN00000275,False
TXN00000276,False
TXN00000277,False
TXN00000278,False
TXN00000279,False
TXN00000280,False
TXN00000281,False
TXN00000282,False
TXN00000283,False
TXN00000284,False
TXN00000285,False
TXN00000286,False
TXN00000287,False
TXN00000288,False
TXN00000289,False
TXN00000290,False
TXN00000291,False
TXN00000292,False
TXN00000293,False
TXN00000294,False
TXN00000295,False
TXN00000296,False
TXN00000297,False
TXN00000298,False
TXN00000299,False
TXN00000300,False
TXN00000301,False
TXN00000302,False
TXN00000303,False
TXN00000304,False
TXN00000305,False
TXN00000306,False
TXN00000307,False
TXN00000308,False
TXN00000309,False
TXN00000310,False
TXN00000311,False
TXN00000312,False
TXN00000313,False
TXN00000314,False
TXN00000315,False
TXN00000316,False
TXN00000317,False
TXN00000318,False
TXN00000319,False
TXN00000320,False
TXN00000321,False
TXN00000322,False
TXN00000323,False
TXN00000324,False
TXN00000325,False
TXN00000326,False
TXN00000327,False
TXN00000328,False
TXN00000329,False
TXN00000330,False
TXN00000331,False
TXN00000332,False
TXN00000333,False
TXN00000334,False
TXN00000335,False
TXN00000336,False
TXN00000337,False
TXN00000338,False
TXN00000339,False
TXN00000340,False
TXN00000341,False
TXN00000342,False
TXN00000343,False
TXN00000344,False
TXN00000345,False
TXN00000346,False
TXN00000347,False
TXN00000348,False
TXN00000349,False
TXN00000350,False
TXN00000351,False
TXN00000352,False
TXN00000353,False
TXN00000354,False
TXN00000355,False
TXN00000356,True
TXN00000357,False
TXN00000358,False
TXN00000359,False
TXN00000360,False
TXN00000361,False
TXN00000362,False
TXN00000363,False
TXN00000364,False
TXN00000365,False
TXN00000366,False
TXN00000367,False
TXN00000368,False
TXN00000369,False
TXN00000370,False
TXN00000371,False
TXN00000372,False
TXN00000373,False
TXN00000374,False
TXN00000375,False
TXN00000376,True
TXN00000377,False
TXN00000378,False
TXN00000379,False
TXN00000380,False
TXN00000381,False
TXN00000382,False
TXN00000383,False
TXN00000384,False
TXN00000385,False
TXN00000386,False
TXN00000387,False
TXN00000388,False
TXN00000389,False
TXN00000390,False
TXN00000391,False
TXN00000392,False
TXN00000393,False
TXN00000394,False
TXN00000395,False
TXN00000396,False
TXN00000397,False
TXN00000398,False
TXN00000399,False
TXN00000400,False
TXN00000401,False
TXN00000402,False
TXN00000403,False
TXN00000404,False
TXN00000405,False
TXN00000406,False
TXN00000407,False
TXN00000408,False
TXN00000409,False
TXN00000410,False
TXN00000411,False
TXN00000412,False
TXN00000413,False
TXN00000414,False
TXN00000415,False
TXN00000416,False
TXN00000417,False
TXN00000418,False
TXN00000419,False
TXN00000420,False
TXN00000421,False
TXN00000422,False
TXN00000423,False
TXN00000424,False
TXN00000425,False
TXN00000426,False
TXN00000427,False
TXN00000428,False
TXN00000429,False
TXN00000430,False
TXN00000431,False
TXN00000432,False
TXN00000433,False
TXN00000434,False
TXN00000435,False
TXN00000436,False
TXN00000437,False
TXN00000438,False
TXN00000439,False
TXN00000440,False
TXN00000441,False
TXN00000442,False
TXN00000443,False
TXN00000444,False
TXN00000445,False
TXN00000446,False
TXN00000447,False
TXN00000448,False
TXN00000449,False
TXN00000450,False
TXN00000451,False
TXN00000452,False
TXN00000453,False
TXN00000454,False
TXN00000455,False
TXN00000456,False
TXN00000457,False
TXN00000458,False
TXN00000459,True
TXN00000460,False
TXN00000461,False
TXN00000462,False
TXN00000463,False
TXN00000464,False
TXN00000465,False
TXN00000466,False
TXN00000467,False
TXN00000468,False
TXN00000469,False
TXN00000470,False
TXN00000471,False
TXN00000472,False
TXN00000473,False
TXN00000474,False
TXN00000475,False
TXN00000476,False
TXN00000477,False
TXN00000478,False
TXN00000479,False
TXN00000480,False
TXN00000481,False
TXN00000482,False
TXN00000483,False
TXN00000484,False
TXN00000485,False
TXN00000486,False
TXN00000487,False
TXN00000488,False
TXN00000489,False
TXN00000490,False
TXN00000491,False
TXN00000492,False
TXN00000493,False
TXN00000494,False
TXN00000495,False
TXN00000496,False
TXN00000497,False
TXN00000498,False
TXN00000499,False
TXN00000500,False
TXN00000501,False
TXN00000502,False
TXN00000503,False
TXN00000504,False
TXN00000505,False
TXN00000506,False
TXN00000507,False
TXN00000508,False
TXN00000509,False
TXN00000510,False
TXN00000511,False
TXN00000512,False
TXN00000513,False
TXN00000514,False
TXN00000515,False
TXN00000516,False
TXN00000517,False
TXN00000518,False
TXN00000519,False
TXN00000520,False
TXN00000521,False
TXN00000522,False
TXN00000523,False
TXN00000524,False
TXN00000525,False
TXN00000526,False
TXN00000527,False
TXN00000528,False
TXN00000529,False
TXN00000530,False
TXN00000531,False
TXN00000532,False
TXN00000533,False
TXN00000534,False
TXN00000535,False
TXN00000536,False
TXN00000537,False
TXN00000538,False
TXN00000539,False
TXN00000540,False
TXN00000541,False
TXN00000542,False
TXN00000543,True
TXN00000544,False
TXN00000545,False
TXN00000546,False
TXN00000547,False
TXN00000548,False
TXN00000549,False
TXN00000550,False
TXN00000551,False
TXN00000552,False
TXN00000553,False
TXN00000554,False
TXN00000555,False
TXN00000556,False
TXN00000557,False
TXN00000558,False
TXN00000559,False
TXN00000560,False
TXN00000561,False
TXN00000562,False
TXN00000563,False
TXN00000564,False
TXN00000565,False
TXN00000566,False
TXN00000567,False
TXN00000568,False
TXN00000569,False
TXN00000570,True
TXN00000571,False
TXN00000572,False
TXN00000573,False
TXN00000574,False
TXN00000575,False
TXN00000576,False
TXN00000577,False
TXN00000578,False
TXN00000579,False
TXN00000580,False
TXN00000581,False
TXN00000582,False
TXN00000583,False
TXN00000584,False
TXN00000585,True
TXN00000586,False
TXN00000587,False
TXN00000588,False
TXN00000589,False
TXN00000590,False
TXN00000591,False
TXN00000592,False
TXN00000593,False
TXN00000594,False
TXN00000595,False
TXN00000596,False
TXN00000597,False
TXN00000598,False
TXN00000599,False
TXN00000600,False
TXN00000601,False
TXN00000602,False
TXN00000603,False
TXN00000604,False
TXN00000605,False
TXN00000606,False
TXN00000607,False
TXN00000608,False
TXN00000609,False
TXN00000610,False
TXN00000611,False
TXN00000612,False
TXN00000613,False
TXN00000614,False
TXN00000615,False
TXN00000616,False
TXN00000617,False
TXN00000618,False
TXN00000619,False
TXN00000620,False
TXN00000621,False
TXN00000622,False
TXN00000623,False
TXN00000624,False
TXN00000625,False
TXN00000626,False
TXN00000627,False
TXN00000628,False
TXN00000629,False
TXN00000630,False
TXN00000631,False
TXN00000632,False
TXN00000633,False
TXN00000634,False
TXN00000635,False
TXN00000636,False
TXN00000637,False
TXN00000638,False
TXN00000639,False
TXN00000640,False
TXN00000641,False
TXN00000642,False
TXN00000643,False
TXN00000644,False
TXN00000645,False
TXN00000646,True
TXN00000647,False
TXN00000648,False
TXN00000649,False
TXN00000650,False
TXN00000651,False
TXN00000652,False
TXN00000653,False
TXN00000654,True
TXN00000655,False
TXN00000656,False
TXN00000657,False
TXN00000658,False
TXN00000659,False
TXN00000660,False
TXN00000661,False
TXN00000662,False
TXN00000663,False
TXN00000664,False
TXN00000665,False
TXN00000666,False
TXN00000667,False
TXN00000668,False
TXN00000669,False
TXN00000670,False
TXN00000671,False
TXN00000672,False
TXN00000673,False
TXN00000674,False
TXN00000675,False
TXN00000676,False
TXN00000677,False
TXN00000678,False
TXN00000679,False
TXN00000680,False
TXN00000681,False
TXN00000682,False
TXN00000683,False
TXN00000684,False
TXN00000685,False
TXN00000686,False
TXN00000687,False
TXN00000688,False
TXN00000689,False
TXN00000690,False
TXN00000691,False
TXN00000692,False
TXN00000693,False
TXN00000694,False
TXN00000695,False
TXN00000696,False
TXN00000697,False
TXN00000698,False
TXN00000699,False
TXN00000700,False
TXN00000701,False
TXN00000702,False
TXN00000703,False
TXN00000704,False
TXN00000705,False
TXN00000706,False
TXN00000707,False
TXN00000708,False
TXN00000709,False
TXN00000710,False
TXN00000711,False
TXN00000712,False
TXN00000713,True
TXN00000714,False
TXN00000715,False
TXN00000716,False
TXN00000717,False
TXN00000718,False
TXN00000719,False
TXN00000720,False
TXN00000721,False
TXN00000722,False
TXN00000723,False
TXN00000724,False
TXN00000725,False
TXN00000726,False
TXN00000727,False
TXN00000728,False
TXN00000729,False
TXN00000730,False
TXN00000731,False
TXN00000732,False
TXN00000733,False
TXN00000734,False
TXN00000735,False
TXN00000736,False
TXN00000737,False
TXN00000738,False
TXN00000739,False
TXN00000740,False
TXN00000741,False
TXN00000742,False
TXN00000743,False
TXN00000744,False
TXN00000745,False
TXN00000746,False
TXN00000747,False
TXN00000748,False
TXN00000749,False
TXN00000750,False
TXN00000751,False
TXN00000752,False
TXN00000753,False
TXN00000754,False
TXN00000755,False
TXN00000756,False
TXN00000757,False
TXN00000758,False
TXN00000759,False
TXN00000760,True
TXN00000761,False
TXN00000762,False
TXN00000763,False
TXN00000764,False
TXN00000765,False
TXN00000766,False
TXN00000767,False
TXN00000768,True
TXN00000769,False
TXN00000770,False
TXN00000771,False
TXN00000772,False
TXN00000773,False
TXN00000774,False
TXN00000775,False
TXN00000776,False
TXN00000777,False
TXN00000778,False
TXN00000779,False
TXN00000780,False
TXN00000781,False
TXN00000782,False
TXN00000783,False
TXN00000784,False
TXN00000785,False
TXN00000786,False
TXN00000787,False
TXN00000788,False
TXN00000789,False
TXN00000790,False
TXN00000791,False
TXN00000792,False
TXN00000793,True
TXN00000794,False
TXN00000795,False
TXN00000796,False
TXN00000797,False
TXN00000798,False
TXN00000799,False
TXN00000800,False
TXN00000801,False
TXN00000802,False
TXN00000803,False
TXN00000804,False
TXN00000805,False
TXN00000806,False
TXN00000807,False
TXN00000808,False
TXN00000809,False
TXN00000810,False
TXN00000811,False
TXN00000812,False
TXN00000813,False
TXN00000814,False
TXN00000815,False
TXN00000816,False
TXN00000817,False
TXN00000818,False
TXN00000819,False
TXN00000820,False
TXN00000821,False
TXN00000822,False
TXN00000823,False
TXN00000824,False
TXN00000825,False
TXN00000826,False
TXN00000827,False
TXN00000828,True
TXN00000829,False
TXN00000830,False
TXN00000831,False
TXN00000832,False
TXN00000833,False
TXN00000834,False
TXN00000835,False
TXN00000836,False
TXN00000837,False
TXN00000838,True
TXN00000839,False
TXN00000840,True
TXN00000841,False
TXN00000842,False
TXN00000843,False
TXN00000844,False
TXN00000845,False
TXN00000846,False
TXN00000847,False
TXN00000848,False
TXN00000849,False
TXN00000850,False
TXN00000851,False
TXN00000852,False
TXN00000853,False
TXN00000854,False
TXN00000855,False
TXN00000856,False
TXN00000857,False
TXN00000858,False
TXN00000859,False
TXN00000860,False
TXN00000861,False
TXN00000862,False
TXN00000863,False
TXN00000864,False
TXN00000865,False
TXN00000866,False
TXN00000867,False
TXN00000868,False
TXN00000869,False
TXN00000870,False
TXN00000871,False
TXN00000872,False
TXN00000873,False
TXN00000874,False
TXN00000875,False
TXN00000876,False
TXN00000877,False
TXN00000878,False
TXN00000879,False
TXN00000880,False
TXN00000881,False
TXN00000882,False
TXN00000883,False
TXN00000884,False
TXN00000885,False
TXN00000886,False
TXN00000887,False
TXN00000888,False
TXN00000889,False
TXN00000890,False
TXN00000891,False
TXN00000892,False
TXN00000893,False
TXN00000894,False
TXN00000895,False
TXN00000896,False
TXN00000897,False
TXN00000898,False
TXN00000899,False
TXN00000900,False
TXN00000901,False
TXN00000902,False
TXN00000903,False
TXN00000904,False
TXN00000905,False
TXN00000906,False
TXN00000907,False
TXN00000908,False
TXN00000909,False
TXN00000910,False
TXN00000911,False
TXN00000912,False
TXN00000913,True
TXN00000914,False
TXN00000915,False
TXN00000916,False
TXN00000917,False
TXN00000918,False
TXN00000919,False
TXN00000920,False
TXN00000921,False
TXN00000922,False
TXN00000923,False
TXN00000924,False
TXN00000925,False
TXN00000926,False
TXN00000927,False
TXN00000928,False
TXN00000929,False
TXN00000930,False
TXN00000931,False
TXN00000932,False
TXN00000933,False
TXN00000934,False
TXN00000935,False
TXN00000936,False
TXN00000937,False
TXN00000938,False
TXN00000939,False
TXN00000940,False
TXN00000941,False
TXN00000942,False
TXN00000943,False
TXN00000944,False
TXN00000945,False
TXN00000946,False
TXN00000947,False
TXN00000948,False
TXN00000949,False
TXN00000950,False
TXN00000951,False
TXN00000952,False
TXN00000953,False
TXN00000954,False
TXN00000955,False
TXN00000956,False
TXN00000957,False
TXN00000958,False
TXN00000959,False
TXN00000960,False
TXN00000961,False
TXN00000962,False
TXN00000963,False
TXN00000964,False
TXN00000965,False
TXN00000966,False
TXN00000967,False
TXN00000968,False
TXN00000969,False
TXN00000970,False
TXN00000971,False
TXN00000972,False
TXN00000973,False
TXN00000974,False
TXN00000975,False
TXN00000976,False
TXN00000977,False
TXN00000978,False
TXN00000979,False
TXN00000980,False
TXN00000981,False
TXN00000982,False
TXN00000983,False
TXN00000984,False
TXN00000985,False
TXN00000986,False
TXN00000987,False
TXN00000988,False
TXN00000989,False
TXN00000990,False
TXN00000991,False
TXN00000992,False
TXN00000993,False
TXN00000994,False
TXN00000995,False
TXN00000996,False
TXN00000997,False
TXN00000998,False
TXN00000999,False
TXN00001000,False
TXN00001001,False
TXN00001002,False
TXN00001003,False
TXN00001004,False
TXN00001005,False
TXN00001006,False
TXN00001007,False
TXN00001008,False
TXN00001009,False
TXN00001010,False
TXN00001011,False
TXN00001012,False
TXN00001013,False
TXN00001014,False
TXN00001015,False
TXN00001016,False
TXN00001017,False
TXN00001018,False
TXN00001019,False
TXN00001020,False
TXN00001021,False
TXN00001022,False
TXN00001023,True
TXN00001024,False
TXN00001025,False
TXN00001026,False
TXN00001027,False
TXN00001028,False
TXN00001029,False
TXN00001030,False
TXN00001031,False
TXN00001032,False
TXN00001033,False
TXN00001034,False
TXN00001035,False
TXN00001036,False
TXN00001037,False
TXN00001038,False
TXN00001039,False
TXN00001040,False
TXN00001041,False
TXN00001042,False
TXN00001043,False
TXN00001044,False
TXN00001045,False
TXN00001046,False
TXN00001047,False
TXN00001048,False
TXN00001049,False
TXN00001050,False
TXN00001051,False
TXN00001052,False
TXN00001053,False
TXN00001054,False
TXN00001055,False
TXN00001056,False
TXN00001057,False
TXN00001058,False
TXN00001059,False
TXN00001060,False
TXN00001061,False
TXN00001062,False
TXN00001063,False
TXN00001064,False
TXN00001065,False
TXN00001066,False
TXN00001067,False
TXN00001068,False
TXN00001069,False
TXN00001070,False
TXN00001071,False
TXN00001072,False
TXN00001073,False
TXN00001074,False
TXN00001075,False
TXN00001076,False
TXN00001077,False
TXN00001078,False
TXN00001079,False
TXN00001080,False
TXN00001081,False
TXN00001082,False
TXN00001083,False
TXN00001084,False
TXN00001085,False
TXN00001086,False
TXN00001087,False
TXN00001088,False
TXN00001089,False
TXN00001090,False
TXN00001091,False
TXN00001092,False
TXN00001093,False
TXN00001094,False
TXN00001095,False
TXN00001096,False
TXN00001097,False
TXN00001098,False
TXN00001099,False
TXN00001100,False
TXN00001101,False
TXN00001102,False
TXN00001103,False
TXN00001104,False
TXN00001105,False
TXN00001106,False
TXN00001107,False
TXN00001108,False
TXN00001109,False
TXN00001110,False
TXN00001111,False
TXN00001112,False
TXN00001113,False
TXN00001114,False
TXN00001115,False
TXN00001116,False
TXN00001117,False
TXN00001118,False
TXN00001119,False
TXN00001120,False
TXN00001121,False
TXN00001122,False
TXN00001123,False
TXN00001124,False
TXN00001125,False
TXN00001126,False
TXN00001127,False
TXN00001128,False
TXN00001129,False
TXN00001130,False
TXN00001131,False
TXN00001132,False
TXN00001133,False
TXN00001134,False
TXN00001135,False
TXN00001136,False
TXN00001137,False
TXN00001138,False
TXN00001139,False
TXN00001140,False
TXN00001141,False
TXN00001142,False
TXN00001143,False
TXN00001144,True
TXN00001145,False
TXN00001146,False
TXN00001147,False
TXN00001148,False
TXN00001149,False
TXN00001150,False
TXN00001151,False
TXN00001152,False
TXN00001153,False
TXN00001154,False
TXN00001155,False
TXN00001156,False
TXN00001157,False
TXN00001158,False
TXN00001159,False
TXN00001160,False
TXN00001161,False
TXN00001162,False
TXN00001163,False
TXN00001164,False
TXN00001165,False
TXN00001166,False
TXN00001167,False
TXN00001168,False
TXN00001169,False
TXN00001170,False
TXN00001171,True
TXN00001172,False
TXN00001173,False
TXN00001174,False
TXN00001175,False
TXN00001176,False
TXN00001177,False
TXN00001178,False
TXN00001179,False
TXN00001180,False
TXN00001181,False
TXN00001182,False
TXN00001183,False
TXN00001184,False
TXN00001185,False
TXN00001186,False
TXN00001187,False
TXN00001188,False
TXN00001189,False
TXN00001190,False
TXN00001191,False
TXN00001192,False
TXN00001193,False
TXN00001194,False
TXN00001195,False
TXN00001196,False
TXN00001197,False
TXN00001198,False
TXN00001199,False
TXN00001200,False
TXN00001201,False
TXN00001202,False
TXN00001203,False
TXN00001204,False
TXN00001205,False
TXN00001206,False
TXN00001207,False
TXN00001208,False
TXN00001209,False
TXN00001210,False
TXN00001211,False
TXN00001212,False
TXN00001213,False
TXN00001214,False
TXN00001215,False
TXN00001216,False
TXN00001217,False
TXN00001218,False
TXN00001219,False
TXN00001220,False
TXN00001221,False
TXN00001222,False
TXN00001223,False
TXN00001224,False
TXN00001225,False
TXN00001226,False
TXN00001227,False
TXN00001228,False
TXN00001229,False
TXN00001230,False
TXN00001231,False
TXN00001232,False
TXN00001233,False
TXN00001234,False
TXN00001235,False
TXN00001236,False
TXN00001237,False
TXN00001238,False
TXN00001239,False
TXN00001240,False
TXN00001241,False
TXN00001242,False
TXN00001243,False
TXN00001244,False
TXN00001245,False
TXN00001246,False
TXN00001247,False
TXN00001248,False
TXN00001249,False
TXN00001250,False
TXN00001251,False
TXN00001252,False
TXN00001253,False
TXN00001254,False
TXN00001255,False
TXN00001256,False
TXN00001257,False
TXN00001258,False
TXN00001259,False
TXN00001260,False
TXN00001261,False
TXN00001262,False
TXN00001263,False
TXN00001264,False
TXN00001265,False
TXN00001266,False
TXN00001267,False
TXN00001268,False
TXN00001269,False
TXN00001270,False
TXN00001271,False
TXN00001272,False
TXN00001273,False
TXN00001274,True
TXN00001275,False
TXN00001276,False
TXN00001277,False
TXN00001278,False
TXN00001279,False
TXN00001280,False
TXN00001281,False
TXN00001282,False
TXN00001283,False
TXN00001284,False
TXN00001285,False
TXN00001286,False
TXN00001287,False
TXN00001288,False
TXN00001289,False
TXN00001290,False
TXN00001291,False
TXN00001292,False
TXN00001293,False
TXN00001294,False
TXN00001295,False
TXN00001296,False
TXN00001297,False
TXN00001298,False
TXN00001299,False
TXN00001300,False
TXN00001301,False
TXN00001302,False
TXN00001303,False
TXN00001304,False
TXN00001305,False
TXN00001306,False
TXN00001307,False
TXN00001308,True
TXN00001309,False
TXN00001310,False
TXN00001311,False
TXN00001312,False
TXN00001313,False
TXN00001314,False
TXN00001315,False
TXN00001316,False
TXN00001317,False
TXN00001318,False
TXN00001319,False
TXN00001320,False
TXN00001321,False
TXN00001322,False
TXN00001323,False
TXN00001324,False
TXN00001325,False
TXN00001326,False
TXN00001327,False
TXN00001328,False
TXN00001329,False
TXN00001330,False
TXN00001331,False
TXN00001332,False
TXN00001333,True
TXN00001334,False
TXN00001335,False
TXN00001336,False
TXN00001337,False
TXN00001338,False
TXN00001339,True
TXN00001340,False
TXN00001341,False
TXN00001342,False
TXN00001343,False
TXN00001344,False
TXN00001345,False
TXN00001346,False
TXN00001347,False
TXN00001348,False
TXN00001349,False
TXN00001350,False
TXN00001351,False
TXN00001352,False
TXN00001353,False
TXN00001354,False
TXN00001355,False
TXN00001356,False
TXN00001357,False
TXN00001358,False
TXN00001359,False
TXN00001360,False
TXN00001361,False
TXN00001362,False
TXN00001363,False
TXN00001364,False
TXN00001365,False
TXN00001366,False
TXN00001367,False
TXN00001368,False
TXN00001369,False
TXN00001370,False
TXN00001371,False
TXN00001372,False
TXN00001373,False
TXN00001374,False
TXN00001375,False
TXN00001376,False
TXN00001377,False
TXN00001378,False
TXN00001379,False
TXN00001380,False
TXN00001381,False
TXN00001382,False
TXN00001383,False
TXN00001384,False
TXN00001385,False
TXN00001386,False
TXN00001387,False
TXN00001388,False
TXN00001389,False
TXN00001390,False
TXN00001391,False
TXN00001392,False
TXN00001393,False
TXN00001394,False
TXN00001395,False
TXN00001396,False
TXN00001397,False
TXN00001398,False
TXN00001399,False
TXN00001400,False
TXN00001401,False
TXN00001402,True
TXN00001403,False
TXN00001404,False
TXN00001405,False
TXN00001406,False
TXN00001407,False
TXN00001408,False
TXN00001409,False
TXN00001410,False
TXN00001411,False
TXN00001412,False
TXN00001413,False
TXN00001414,False
TXN00001415,False
TXN00001416,False
TXN00001417,False
TXN00001418,False
TXN00001419,False
TXN00001420,False
TXN00001421,False
TXN00001422,False
TXN00001423,False
TXN00001424,False
TXN00001425,False
TXN00001426,False
TXN00001427,False
TXN00001428,False
TXN00001429,False
TXN00001430,False
TXN00001431,False
TXN00001432,False
TXN00001433,False
TXN00001434,False
TXN00001435,False
TXN00001436,False
TXN00001437,False
TXN00001438,False
TXN00001439,False
TXN00001440,False
TXN00001441,False
TXN00001442,False
TXN00001443,False
TXN00001444,False
TXN00001445,False
TXN00001446,False
TXN00001447,False
TXN00001448,False
TXN00001449,False
TXN00001450,False
TXN00001451,False
TXN00001452,False
TXN00001453,False
TXN00001454,False
TXN00001455,False
TXN00001456,False
TXN00001457,False
TXN00001458,False
TXN00001459,False
TXN00001460,False
TXN00001461,False
TXN00001462,False
TXN00001463,False
TXN00001464,False
TXN00001465,False
TXN00001466,False
TXN00001467,False
TXN00001468,False
TXN00001469,False
TXN00001470,False
TXN00001471,False
TXN00001472,False
TXN00001473,False
TXN00001474,False
TXN00001475,False
TXN00001476,False
TXN00001477,False
TXN00001478,False
TXN00001479,False
TXN00001480,False
TXN00001481,False
TXN00001482,False
TXN00001483,False
TXN00001484,False
TXN00001485,False
TXN00001486,False
TXN00001487,False
TXN00001488,False
TXN00001489,False
TXN00001490,False
TXN00001491,False
TXN00001492,False
TXN00001493,False
TXN00001494,False
TXN00001495,False
TXN00001496,False
TXN00001497,False
TXN00001498,False
TXN00001499,False
TXN00001500,False
TXN00001501,False
TXN00001502,False
TXN00001503,False
TXN00001504,False
TXN00001505,False
TXN00001506,False
TXN00001507,False
TXN00001508,False
TXN00001509,False
TXN00001510,False
TXN00001511,False
TXN00001512,False
TXN00001513,False
TXN00001514,False
TXN00001515,False
TXN00001516,False
TXN00001517,False
TXN00001518,False
TXN00001519,False
TXN00001520,False
TXN00001521,False
TXN00001522,False
TXN00001523,False
TXN00001524,False
TXN00001525,False
TXN00001526,False
TXN00001527,False
TXN00001528,False
TXN00001529,False
TXN00001530,False
TXN00001531,False
TXN00001532,False
TXN00001533,False
TXN00001534,False
TXN00001535,False
TXN00001536,False
TXN00001537,False
TXN00001538,False
TXN00001539,False
TXN00001540,False
TXN00001541,False
TXN00001542,False
TXN00001543,False
TXN00001544,False
TXN00001545,False
TXN00001546,False
TXN00001547,False
TXN00001548,False
TXN00001549,False
TXN00001550,False
TXN00001551,False
TXN00001552,False
TXN00001553,False
TXN00001554,False
TXN00001555,False
TXN00001556,False
TXN00001557,False
TXN00001558,False
TXN00001559,False
TXN00001560,False
TXN00001561,False
TXN00001562,False
TXN00001563,False
TXN00001564,False
TXN00001565,False
TXN00001566,False
TXN00001567,False
TXN00001568,False
TXN00001569,False
TXN00001570,False
TXN00001571,False
TXN00001572,False
TXN00001573,False
TXN00001574,False
TXN00001575,False
TXN00001576,True
TXN00001577,False
TXN00001578,False
TXN00001579,False
TXN00001580,False
TXN00001581,False
TXN00001582,False
TXN00001583,False
TXN00001584,False
TXN00001585,False
TXN00001586,False
TXN00001587,False
TXN00001588,False
TXN00001589,False
TXN00001590,False
TXN00001591,False
TXN00001592,False
TXN00001593,False
TXN00001594,False
TXN00001595,False
TXN00001596,False
TXN00001597,False
TXN00001598,False
TXN00001599,False
TXN00001600,False
TXN00001601,False
TXN00001602,False
TXN00001603,False
TXN00001604,False
TXN00001605,False
TXN00001606,False
TXN00001607,False
TXN00001608,False
TXN00001609,False
TXN00001610,False
TXN00001611,False
TXN00001612,False
TXN00001613,False
TXN00001614,False
TXN00001615,False
TXN00001616,False
TXN00001617,False
TXN00001618,False
TXN00001619,False
TXN00001620,False
TXN00001621,False
TXN00001622,False
TXN00001623,False
TXN00001624,False
TXN00001625,False
TXN00001626,False
TXN00001627,False
TXN00001628,False
TXN00001629,True
TXN00001630,False
TXN00001631,False
TXN00001632,False
TXN00001633,False
TXN00001634,False
TXN00001635,False
TXN00001636,False
TXN00001637,False
TXN00001638,False
TXN00001639,False
TXN00001640,False
TXN00001641,False
TXN00001642,False
TXN00001643,False
TXN00001644,False
TXN00001645,False
TXN00001646,False
TXN00001647,False
TXN00001648,False
TXN00001649,False
TXN00001650,False
TXN00001651,False
TXN00001652,False
TXN00001653,False
TXN00001654,False
TXN00001655,False
TXN00001656,False
TXN00001657,False
TXN00001658,False
TXN00001659,False
TXN00001660,False
TXN00001661,False
TXN00001662,False
TXN00001663,False
TXN00001664,False
TXN00001665,False
TXN00001666,False
TXN00001667,False
TXN00001668,False
TXN00001669,False
TXN00001670,False
TXN00001671,False
TXN00001672,False
TXN00001673,False
TXN00001674,False
TXN00001675,False
TXN00001676,False
TXN00001677,False
TXN00001678,False
TXN00001679,False
TXN00001680,False
TXN00001681,False
TXN00001682,False
TXN00001683,False
TXN00001684,False
TXN00001685,False
TXN00001686,False
TXN00001687,False
TXN00001688,False
TXN00001689,False
TXN00001690,False
TXN00001691,False
TXN00001692,False
TXN00001693,False
TXN00001694,False
TXN00001695,False
TXN00001696,False
TXN00001697,False
TXN00001698,False
TXN00001699,False
TXN00001700,False
TXN00001701,False
TXN00001702,False
TXN00001703,False
TXN00001704,False
TXN00001705,False
TXN00001706,False
TXN00001707,False
TXN00001708,False
TXN00001709,False
TXN00001710,False
TXN00001711,False
TXN00001712,False
TXN00001713,False
TXN00001714,False
TXN00001715,False
TXN00001716,False
TXN00001717,True
TXN00001718,False
TXN00001719,False
TXN00001720,False
TXN00001721,False
TXN00001722,False
TXN00001723,False
TXN00001724,False
TXN00001725,False
TXN00001726,False
TXN00001727,False
TXN00001728,False
TXN00001729,True
TXN00001730,False
TXN00001731,False
TXN00001732,False
TXN00001733,False
TXN00001734,False
TXN00001735,False
TXN00001736,False
TXN00001737,False
TXN00001738,False
TXN00001739,False
TXN00001740,False
TXN00001741,False
TXN00001742,True
TXN00001743,False
TXN00001744,False
TXN00001745,False
TXN00001746,False
TXN00001747,False
TXN00001748,False
TXN00001749,False
TXN00001750,False
TXN00001751,False
TXN00001752,False
TXN00001753,False
TXN00001754,False
TXN00001755,False
TXN00001756,False
TXN00001757,False
TXN00001758,False
TXN00001759,False
TXN00001760,False
TXN00001761,False
TXN00001762,False
TXN00001763,False
TXN00001764,True
TXN00001765,False
TXN00001766,False
TXN00001767,False
TXN00001768,False
TXN00001769,False
TXN00001770,False
TXN00001771,False
TXN00001772,False
TXN00001773,False
TXN00001774,False
TXN00001775,False
TXN00001776,False
TXN00001777,False
TXN00001778,False
TXN00001779,False
TXN00001780,False
TXN00001781,False
TXN00001782,False
TXN00001783,False
TXN00001784,False
TXN00001785,False
TXN00001786,False
TXN00001787,False
TXN00001788,False
TXN00001789,False
TXN00001790,False
TXN00001791,False
TXN00001792,True
TXN00001793,False
TXN00001794,False
TXN00001795,False
TXN00001796,False
TXN00001797,False
TXN00001798,False
TXN00001799,False
TXN00001800,True
TXN00001801,False
TXN00001802,False
TXN00001803,False
TXN00001804,False
TXN00001805,False
TXN00001806,True
TXN00001807,False
TXN00001808,False
TXN00001809,False
TXN00001810,False
TXN00001811,False
TXN00001812,False
TXN00001813,False
TXN00001814,False
TXN00001815,False
TXN00001816,False
TXN00001817,False
TXN00001818,False
TXN00001819,False
TXN00001820,False
TXN00001821,False
TXN00001822,False
TXN00001823,False
TXN00001824,False
TXN00001825,False
TXN00001826,False
TXN00001827,False
TXN00001828,False
TXN00001829,True
TXN00001830,False
TXN00001831,False
TXN00001832,False
TXN00001833,False
TXN00001834,False
TXN00001835,False
TXN00001836,False
TXN00001837,False
TXN00001838,False
TXN00001839,False
TXN00001840,False
TXN00001841,False
TXN00001842,False
TXN00001843,False
TXN00001844,False
TXN00001845,False
TXN00001846,False
TXN00001847,False
TXN00001848,False
TXN00001849,False
TXN00001850,False
TXN00001851,False
TXN00001852,False
TXN00001853,False
TXN00001854,False
TXN00001855,False
TXN00001856,False
TXN00001857,False
TXN00001858,False
TXN00001859,False
TXN00001860,False
TXN00001861,False
TXN00001862,False
TXN00001863,False
TXN00001864,False
TXN00001865,False
TXN00001866,False
TXN00001867,True
TXN00001868,False
TXN00001869,False
TXN00001870,False
TXN00001871,False
TXN00001872,False
TXN00001873,False
TXN00001874,False
TXN00001875,False
TXN00001876,False
TXN00001877,True
TXN00001878,False
TXN00001879,False
TXN00001880,False
TXN00001881,False
TXN00001882,False
TXN00001883,False
TXN00001884,False
TXN00001885,False
TXN00001886,False
TXN00001887,False
TXN00001888,False
TXN00001889,False
TXN00001890,False
TXN00001891,False
TXN00001892,False
TXN00001893,False
TXN00001894,False
TXN00001895,False
TXN00001896,False
TXN00001897,False
TXN00001898,False
TXN00001899,False
TXN00001900,False
TXN00001901,False
TXN00001902,False
TXN00001903,False
TXN00001904,False
TXN00001905,False
TXN00001906,True
TXN00001907,False
TXN00001908,True
TXN00001909,False
TXN00001910,False
TXN00001911,False
TXN00001912,False
TXN00001913,False
TXN00001914,False
TXN00001915,False
TXN00001916,False
TXN00001917,False
TXN00001918,False
TXN00001919,False
TXN00001920,False
TXN00001921,False
TXN00001922,False
TXN00001923,False
TXN00001924,False
TXN00001925,False
TXN00001926,False
TXN00001927,False
TXN00001928,False
TXN00001929,False
TXN00001930,False
TXN00001931,False
TXN00001932,False
TXN00001933,False
TXN00001934,False
TXN00001935,False
TXN00001936,False
TXN00001937,False
TXN00001938,False
TXN00001939,False
TXN00001940,False
TXN00001941,False
TXN00001942,False
TXN00001943,False
TXN00001944,False
TXN00001945,False
TXN00001946,False
TXN00001947,False
TXN00001948,False
TXN00001949,False
TXN00001950,False
TXN00001951,False
TXN00001952,False
TXN00001953,False
TXN00001954,False
TXN00001955,False
TXN00001956,False
TXN00001957,False
TXN00001958,False
TXN00001959,False
TXN00001960,False
TXN00001961,False
TXN00001962,False
TXN00001963,False
TXN00001964,False
TXN00001965,False
TXN00001966,False
TXN00001967,False
TXN00001968,False
TXN00001969,False
TXN00001970,False
TXN00001971,False
TXN00001972,False
TXN00001973,False
TXN00001974,False
TXN00001975,False
TXN00001976,False
TXN00001977,False
TXN00001978,False
TXN00001979,False
TXN00001980,False
TXN00001981,False
TXN00001982,False
TXN00001983,False
TXN00001984,False
TXN00001985,False
TXN00001986,False
TXN00001987,False
TXN00001988,False
TXN00001989,False
TXN00001990,False
TXN00001991,False
TXN00001992,False
TXN00001993,False
TXN00001994,False
TXN00001995,False
TXN00001996,False
TXN00001997,False
TXN00001998,False
TXN00001999,False
TXN00002000,False
TXN00002001,False
TXN00002002,False
TXN00002003,False
TXN00002004,False
TXN00002005,False
TXN00002006,True
TXN00002007,True
TXN00002008,False
TXN00002009,False
TXN00002010,False
TXN00002011,False
TXN00002012,False
TXN00002013,False
TXN00002014,False
TXN00002015,False
TXN00002016,False
TXN00002017,False
TXN00002018,False
TXN00002019,False
TXN00002020,False
TXN00002021,True
TXN00002022,False
TXN00002023,False
TXN00002024,False
TXN00002025,False
TXN00002026,False
TXN00002027,False
TXN00002028,False
TXN00002029,False
TXN00002030,False
TXN00002031,False
TXN00002032,False
TXN00002033,False
TXN00002034,False
TXN00002035,False
TXN00002036,False
TXN00002037,False
TXN00002038,False
TXN00002039,False
TXN00002040,False
TXN00002041,False
TXN00002042,False
TXN00002043,False
TXN00002044,False
TXN00002045,False
TXN00002046,False
TXN00002047,False
TXN00002048,False
TXN00002049,False
TXN00002050,False
TXN00002051,False
TXN00002052,False
TXN00002053,False
TXN00002054,False
TXN00002055,False
TXN00002056,False
TXN00002057,False
TXN00002058,False
TXN00002059,False
TXN00002060,False
TXN00002061,False
TXN00002062,False
TXN00002063,False
TXN00002064,False
TXN00002065,False
TXN00002066,False
TXN00002067,False
TXN00002068,False
TXN00002069,False
TXN00002070,False
TXN00002071,False
TXN00002072,False
TXN00002073,False
TXN00002074,False
TXN00002075,False
TXN00002076,False
TXN00002077,False
TXN00002078,False
TXN00002079,False
TXN00002080,False
TXN00002081,False
TXN00002082,False
TXN00002083,False
TXN00002084,False
TXN00002085,False
TXN00002086,False
TXN00002087,False
TXN00002088,False
TXN00002089,False
TXN00002090,False
TXN00002091,False
TXN00002092,False
TXN00002093,False
TXN00002094,False
TXN00002095,False
TXN00002096,False
TXN00002097,False
TXN00002098,False
TXN00002099,False
TXN00002100,False
TXN00002101,False
TXN00002102,False
TXN00002103,False
TXN00002104,False
TXN00002105,False
TXN00002106,False
TXN00002107,False
TXN00002108,False
TXN00002109,False
TXN00002110,False
TXN00002111,False
TXN00002112,False
TXN00002113,False
TXN00002114,False
TXN00002115,False
TXN00002116,False
TXN00002117,False
TXN00002118,False
TXN00002119,False
TXN00002120,False
TXN00002121,False
TXN00002122,False
TXN00002123,False
TXN00002124,False
TXN00002125,False
TXN00002126,False
TXN00002127,False
TXN00002128,False
TXN00002129,False
TXN00002130,False
TXN00002131,False
TXN00002132,False
TXN00002133,False
TXN00002134,False
TXN00002135,False
TXN00002136,False
TXN00002137,False
TXN00002138,False
TXN00002139,False
TXN00002140,False
TXN00002141,False
TXN00002142,False
TXN00002143,False
TXN00002144,False
TXN00002145,False
TXN00002146,False
TXN00002147,False
TXN00002148,False
TXN00002149,False
TXN00002150,False
TXN00002151,False
TXN00002152,False
TXN00002153,False
TXN00002154,False
TXN00002155,False
TXN00002156,False
TXN00002157,False
TXN00002158,False
TXN00002159,False
TXN00002160,False
TXN00002161,False
TXN00002162,False
TXN00002163,False
TXN00002164,False
TXN00002165,False
TXN00002166,False
TXN00002167,True
TXN00002168,False
TXN00002169,False
TXN00002170,True
TXN00002171,False
TXN00002172,False
TXN00002173,False
TXN00002174,False
TXN00002175,False
TXN00002176,False
TXN00002177,False
TXN00002178,False
TXN00002179,False
TXN00002180,False
TXN00002181,False
TXN00002182,False
TXN00002183,False
TXN00002184,False
TXN00002185,False
TXN00002186,False
TXN00002187,False
TXN00002188,True
TXN00002189,False
TXN00002190,False
TXN00002191,False
TXN00002192,False
TXN00002193,False
TXN00002194,True
TXN00002195,False
TXN00002196,False
TXN00002197,False
TXN00002198,False
TXN00002199,False
TXN00002200,False
TXN00002201,False
TXN00002202,False
TXN00002203,False
TXN00002204,False
TXN00002205,False
TXN00002206,False
TXN00002207,False
TXN00002208,False
TXN00002209,False
TXN00002210,False
TXN00002211,False
TXN00002212,True
TXN00002213,False
TXN00002214,False
TXN00002215,False
TXN00002216,False
TXN00002217,False
TXN00002218,False
TXN00002219,False
TXN00002220,False
TXN00002221,False
TXN00002222,False
TXN00002223,False
TXN00002224,False
TXN00002225,False
TXN00002226,False
TXN00002227,False
TXN00002228,False
TXN00002229,False
TXN00002230,False
TXN00002231,False
TXN00002232,False
TXN00002233,False
TXN00002234,False
TXN00002235,False
TXN00002236,False
TXN00002237,False
TXN00002238,False
TXN00002239,False
TXN00002240,False
TXN00002241,False
TXN00002242,False
TXN00002243,False
TXN00002244,False
TXN00002245,False
TXN00002246,False
TXN00002247,False
TXN00002248,False
TXN00002249,False
TXN00002250,False
TXN00002251,False
TXN00002252,False
TXN00002253,False
TXN00002254,True
TXN00002255,False
TXN00002256,False
TXN00002257,False
TXN00002258,False
TXN00002259,False
TXN00002260,False
TXN00002261,False
TXN00002262,False
TXN00002263,False
TXN00002264,False
TXN00002265,False
TXN00002266,False
TXN00002267,False
TXN00002268,False
TXN00002269,False
TXN00002270,False
TXN00002271,False
TXN00002272,False
TXN00002273,False
TXN00002274,False
TXN00002275,False
TXN00002276,False
TXN00002277,True
TXN00002278,True
TXN00002279,True
TXN00002280,False
TXN00002281,False
TXN00002282,False
TXN00002283,False
TXN00002284,False
TXN00002285,False
TXN00002286,False
TXN00002287,False
TXN00002288,False
TXN00002289,False
TXN00002290,False
TXN00002291,False
TXN00002292,False
TXN00002293,False
TXN00002294,False
TXN00002295,False
TXN00002296,False
TXN00002297,False
TXN00002298,False
TXN00002299,False
TXN00002300,False
TXN00002301,False
TXN00002302,False
TXN00002303,False
TXN00002304,False
TXN00002305,False
TXN00002306,False
TXN00002307,False
TXN00002308,False
TXN00002309,False
TXN00002310,False
TXN00002311,False
TXN00002312,False
TXN00002313,False
TXN00002314,False
TXN00002315,False
TXN00002316,False
TXN00002317,False
TXN00002318,False
TXN00002319,False
TXN00002320,False
TXN00002321,False
TXN00002322,False
TXN00002323,False
TXN00002324,False
TXN00002325,False
TXN00002326,False
TXN00002327,False
TXN00002328,False
TXN00002329,False
TXN00002330,False
TXN00002331,False
TXN00002332,False
TXN00002333,False
TXN00002334,False
TXN00002335,False
TXN00002336,False
TXN00002337,False
TXN00002338,False
TXN00002339,False
TXN00002340,False
TXN00002341,False
TXN00002342,False
TXN00002343,False
TXN00002344,False
TXN00002345,False
TXN00002346,False
TXN00002347,False
TXN00002348,False
TXN00002349,False
TXN00002350,False
TXN00002351,False
TXN00002352,False
TXN00002353,False
TXN00002354,False
TXN00002355,False
TXN00002356,False
TXN00002357,False
TXN00002358,False
TXN00002359,False
TXN00002360,False
TXN00002361,False
TXN00002362,False
TXN00002363,False
TXN00002364,False
TXN00002365,False
TXN00002366,False
TXN00002367,False
TXN00002368,False
TXN00002369,False
TXN00002370,False
TXN00002371,True
TXN00002372,False
TXN00002373,False
TXN00002374,False
TXN00002375,False
TXN00002376,False
TXN00002377,False
TXN00002378,False
TXN00002379,False
TXN00002380,False
TXN00002381,False
TXN00002382,False
TXN00002383,False
TXN00002384,False
TXN00002385,False
TXN00002386,False
TXN00002387,False
TXN00002388,False
TXN00002389,False
TXN00002390,False
TXN00002391,False
TXN00002392,False
TXN00002393,False
TXN00002394,False
TXN00002395,False
TXN00002396,False
TXN00002397,False
TXN00002398,False
TXN00002399,False
TXN00002400,False
TXN00002401,False
TXN00002402,True
TXN00002403,False
TXN00002404,False
TXN00002405,False
TXN00002406,False
TXN00002407,False
TXN00002408,False
TXN00002409,False
TXN00002410,False
TXN00002411,False
TXN00002412,False
TXN00002413,False
TXN00002414,False
TXN00002415,False
TXN00002416,False
TXN00002417,False
TXN00002418,False
TXN00002419,False
TXN00002420,False
TXN00002421,False
TXN00002422,False
TXN00002423,False
TXN00002424,False
TXN00002425,False
TXN00002426,False
TXN00002427,False
TXN00002428,False
TXN00002429,False
TXN00002430,False
TXN00002431,False
TXN00002432,False
TXN00002433,False
TXN00002434,False
TXN00002435,False
TXN00002436,False
TXN00002437,False
TXN00002438,False
TXN00002439,False
TXN00002440,False
TXN00002441,False
TXN00002442,False
TXN00002443,False
TXN00002444,False
TXN00002445,False
TXN00002446,False
TXN00002447,False
TXN00002448,False
TXN00002449,False
TXN00002450,False
TXN00002451,False
TXN00002452,False
TXN00002453,False
TXN00002454,False
TXN00002455,False
TXN00002456,False
TXN00002457,False
TXN00002458,False
TXN00002459,False
TXN00002460,False
TXN00002461,False
TXN00002462,False
TXN00002463,False
TXN00002464,False
TXN00002465,False
TXN00002466,False
TXN00002467,False
TXN00002468,False
TXN00002469,False
TXN00002470,False
TXN00002471,False
TXN00002472,False
TXN00002473,False
TXN00002474,False
TXN00002475,False
TXN00002476,False
TXN00002477,False
TXN00002478,False
TXN00002479,False
TXN00002480,False
TXN00002481,False
TXN00002482,False
TXN00002483,False
TXN00002484,False
TXN00002485,False
TXN00002486,False
TXN00002487,False
TXN00002488,False
TXN00002489,False
TXN00002490,False
TXN00002491,False
TXN00002492,False
TXN00002493,False
TXN00002494,False
TXN00002495,False
TXN00002496,False
TXN00002497,False
TXN00002498,False
TXN00002499,False
TXN00002500,False
TXN00002501,False
TXN00002502,False
TXN00002503,False
TXN00002504,False
TXN00002505,False
TXN00002506,False
TXN00002507,False
TXN00002508,False
TXN00002509,False
TXN00002510,False
TXN00002511,False
TXN00002512,False
TXN00002513,False
TXN00002514,False
TXN00002515,False
TXN00002516,False
TXN00002517,False
TXN00002518,False
TXN00002519,False
TXN00002520,False
TXN00002521,False
TXN00002522,False
TXN00002523,False
TXN00002524,False
TXN00002525,False
TXN00002526,False
TXN00002527,False
TXN00002528,False
TXN00002529,False
TXN00002530,False
TXN00002531,False
TXN00002532,False
TXN00002533,False
TXN00002534,False
TXN00002535,False
TXN00002536,False
TXN00002537,False
TXN00002538,False
TXN00002539,False
TXN00002540,False
TXN00002541,False
TXN00002542,False
TXN00002543,False
TXN00002544,False
TXN00002545,False
TXN00002546,False
TXN00002547,False
TXN00002548,False
TXN00002549,False
TXN00002550,False
TXN00002551,False
TXN00002552,False
TXN00002553,False
TXN00002554,False
TXN00002555,False
TXN00002556,False
TXN00002557,False
TXN00002558,False
TXN00002559,False
TXN00002560,False
TXN00002561,False
TXN00002562,False
TXN00002563,False
TXN00002564,False
TXN00002565,False
TXN00002566,False
TXN00002567,False
TXN00002568,False
TXN00002569,False
TXN00002570,False
TXN00002571,False
TXN00002572,False
TXN00002573,False
TXN00002574,False
TXN00002575,False
TXN00002576,False
TXN00002577,False
TXN00002578,True
TXN00002579,False
TXN00002580,False
TXN00002581,False
TXN00002582,False
TXN00002583,False
TXN00002584,False
TXN00002585,True
TXN00002586,False
TXN00002587,False
TXN00002588,False
TXN00002589,False
TXN00002590,False
TXN00002591,False
TXN00002592,False
TXN00002593,False
TXN00002594,False
TXN00002595,False
TXN00002596,False
TXN00002597,False
TXN00002598,False
TXN00002599,False
TXN00002600,False
TXN00002601,False
TXN00002602,False
TXN00002603,False
TXN00002604,False
TXN00002605,False
TXN00002606,False
TXN00002607,False
TXN00002608,False
TXN00002609,False
TXN00002610,False
TXN00002611,False
TXN00002612,False
TXN00002613,False
TXN00002614,False
TXN00002615,False
TXN00002616,False
TXN00002617,False
TXN00002618,False
TXN00002619,False
TXN00002620,False
TXN00002621,False
TXN00002622,False
TXN00002623,False
TXN00002624,False
TXN00002625,False
TXN00002626,False
TXN00002627,False
TXN00002628,False
TXN00002629,False
TXN00002630,False
TXN00002631,False
TXN00002632,False
TXN00002633,False
TXN00002634,False
TXN00002635,False
TXN00002636,False
TXN00002637,False
TXN00002638,False
TXN00002639,False
TXN00002640,False
TXN00002641,False
TXN00002642,False
TXN00002643,False
TXN00002644,False
TXN00002645,False
TXN00002646,False
TXN00002647,False
TXN00002648,False
TXN00002649,False
TXN00002650,False
TXN00002651,False
TXN00002652,False
TXN00002653,False
TXN00002654,False
TXN00002655,False
TXN00002656,False
TXN00002657,True
TXN00002658,False
TXN00002659,False
TXN00002660,False
TXN00002661,False
TXN00002662,False
TXN00002663,False
TXN00002664,False
TXN00002665,False
TXN00002666,False
TXN00002667,False
TXN00002668,False
TXN00002669,False
TXN00002670,False
TXN00002671,False
TXN00002672,False
TXN00002673,False
TXN00002674,False
TXN00002675,False
TXN00002676,False
TXN00002677,False
TXN00002678,False
TXN00002679,False
TXN00002680,False
TXN00002681,False
TXN00002682,False
TXN00002683,False
TXN00002684,False
TXN00002685,False
TXN00002686,False
TXN00002687,False
TXN00002688,False
TXN00002689,False
TXN00002690,False
TXN00002691,False
TXN00002692,False
TXN00002693,False
TXN00002694,False
TXN00002695,False
TXN00002696,False
TXN00002697,False
TXN00002698,False
TXN00002699,False
TXN00002700,False
TXN00002701,False
TXN00002702,False
TXN00002703,False
TXN00002704,False
TXN00002705,False
TXN00002706,False
TXN00002707,False
TXN00002708,False
TXN00002709,False
TXN00002710,False
TXN00002711,False
TXN00002712,False
TXN00002713,False
TXN00002714,False
TXN00002715,False
TXN00002716,False
TXN00002717,False
TXN00002718,False
TXN00002719,False
TXN00002720,False
TXN00002721,False
TXN00002722,False
TXN00002723,False
TXN00002724,False
TXN00002725,False
TXN00002726,False
TXN00002727,False
TXN00002728,False
TXN00002729,False
TXN00002730,False
TXN00002731,False
TXN00002732,False
TXN00002733,False
TXN00002734,False
TXN00002735,False
TXN00002736,False
TXN00002737,False
TXN00002738,False
TXN00002739,False
TXN00002740,False
TXN00002741,False
TXN00002742,False
TXN00002743,False
TXN00002744,False
TXN00002745,False
TXN00002746,False
TXN00002747,False
TXN00002748,False
TXN00002749,False
TXN00002750,False
TXN00002751,False
TXN00002752,False
TXN00002753,False
TXN00002754,False
TXN00002755,False
TXN00002756,False
TXN00002757,False
TXN00002758,True
TXN00002759,False
TXN00002760,False
TXN00002761,False
TXN00002762,False
TXN00002763,False
TXN00002764,False
TXN00002765,False
TXN00002766,False
TXN00002767,False
TXN00002768,False
TXN00002769,False
TXN00002770,False
TXN00002771,False
TXN00002772,False
TXN00002773,False
TXN00002774,False
TXN00002775,False
TXN00002776,False
TXN00002777,False
TXN00002778,False
TXN00002779,False
TXN00002780,False
TXN00002781,False
TXN00002782,False
TXN00002783,False
TXN00002784,False
TXN00002785,False
TXN00002786,False
TXN00002787,False
TXN00002788,True
TXN00002789,False
TXN00002790,False
TXN00002791,False
TXN00002792,False
TXN00002793,False
TXN00002794,False
TXN00002795,False
TXN00002796,False
TXN00002797,False
TXN00002798,False
TXN00002799,False
TXN00002800,False
TXN00002801,False
TXN00002802,False
TXN00002803,False
TXN00002804,False
TXN00002805,False
TXN00002806,False
TXN00002807,False
TXN00002808,False
TXN00002809,False
TXN00002810,False
TXN00002811,False
TXN00002812,False
TXN00002813,False
TXN00002814,False
TXN00002815,False
TXN00002816,False
TXN00002817,False
TXN00002818,True
TXN00002819,False
TXN00002820,False
TXN00002821,False
TXN00002822,False
TXN00002823,False
TXN00002824,False
TXN00002825,False
TXN00002826,False
TXN00002827,False
TXN00002828,False
TXN00002829,False
TXN00002830,False
TXN00002831,False
TXN00002832,False
TXN00002833,False
TXN00002834,False
TXN00002835,False
TXN00002836,False
TXN00002837,False
TXN00002838,False
TXN00002839,False
TXN00002840,False
TXN00002841,False
TXN00002842,False
TXN00002843,False
TXN00002844,False
TXN00002845,False
TXN00002846,False
TXN00002847,False
TXN00002848,False
TXN00002849,False
TXN00002850,False
TXN00002851,False
TXN00002852,False
TXN00002853,False
TXN00002854,False
TXN00002855,False
TXN00002856,False
TXN00002857,False
TXN00002858,False
TXN00002859,False
TXN00002860,False
TXN00002861,False
TXN00002862,False
TXN00002863,False
TXN00002864,False
TXN00002865,False
TXN00002866,False
TXN00002867,False
TXN00002868,False
TXN00002869,False
TXN00002870,False
TXN00002871,False
TXN00002872,False
TXN00002873,False
TXN00002874,False
TXN00002875,False
TXN00002876,False
TXN00002877,False
TXN00002878,False
TXN00002879,False
TXN00002880,False
TXN00002881,False
TXN00002882,False
TXN00002883,False
TXN00002884,False
TXN00002885,False
TXN00002886,False
TXN00002887,False
TXN00002888,False
TXN00002889,False
TXN00002890,False
TXN00002891,False
TXN00002892,False
TXN00002893,False
TXN00002894,False
TXN00002895,False
TXN00002896,False
TXN00002897,False
TXN00002898,False
TXN00002899,False
TXN00002900,False
TXN00002901,False
TXN00002902,False
TXN00002903,False
TXN00002904,False
TXN00002905,False
TXN00002906,False
TXN00002907,False
TXN00002908,False
TXN00002909,False
TXN00002910,False
TXN00002911,True
TXN00002912,False
TXN00002913,False
TXN00002914,False
TXN00002915,False
TXN00002916,False
TXN00002917,False
TXN00002918,False
TXN00002919,False
TXN00002920,False
TXN00002921,False
TXN00002922,False
TXN00002923,False
TXN00002924,False
TXN00002925,False
TXN00002926,False
TXN00002927,False
TXN00002928,False
TXN00002929,False
TXN00002930,False
TXN00002931,False
TXN00002932,False
TXN00002933,False
TXN00002934,False
TXN00002935,False
TXN00002936,False
TXN00002937,False
TXN00002938,False
TXN00002939,False
TXN00002940,False
TXN00002941,True
TXN00002942,False
TXN00002943,False
TXN00002944,False
TXN00002945,False
TXN00002946,False
TXN00002947,False
TXN00002948,False
TXN00002949,False
TXN00002950,False
TXN00002951,False
TXN00002952,False
TXN00002953,False
TXN00002954,False
TXN00002955,False
TXN00002956,False
TXN00002957,False
TXN00002958,False
TXN00002959,False
TXN00002960,False
TXN00002961,False
TXN00002962,False
TXN00002963,True
TXN00002964,False
TXN00002965,False
TXN00002966,False
TXN00002967,False
TXN00002968,False
TXN00002969,False
TXN00002970,False
TXN00002971,False
TXN00002972,False
TXN00002973,False
TXN00002974,False
TXN00002975,False
TXN00002976,False
TXN00002977,False
TXN00002978,False
TXN00002979,False
TXN00002980,False
TXN00002981,False
TXN00002982,False
TXN00002983,False
TXN00002984,False
TXN00002985,False
TXN00002986,False
TXN00002987,False
TXN00002988,False
TXN00002989,True
TXN00002990,False
TXN00002991,False
TXN00002992,False
TXN00002993,False
TXN00002994,False
TXN00002995,False
TXN00002996,False
TXN00002997,False
TXN00002998,False
TXN00002999,False
TXN00003000,False
TXN00003001,False
TXN00003002,False
TXN00003003,False
TXN00003004,False
TXN00003005,False
TXN00003006,False
TXN00003007,False
TXN00003008,False
TXN00003009,False
TXN00003010,False
TXN00003011,False
TXN00003012,False
TXN00003013,False
TXN00003014,False
TXN00003015,False
TXN00003016,False
TXN00003017,False
TXN00003018,False
TXN00003019,False
TXN00003020,False
TXN00003021,False
TXN00003022,False
TXN00003023,False
TXN00003024,False
TXN00003025,False
TXN00003026,False
TXN00003027,False
TXN00003028,False
TXN00003029,False
TXN00003030,False
TXN00003031,False
TXN00003032,False
TXN00003033,True
TXN00003034,False
TXN00003035,False
TXN00003036,False
TXN00003037,False
TXN00003038,False
TXN00003039,False
TXN00003040,False
TXN00003041,False
TXN00003042,False
TXN00003043,False
TXN00003044,False
TXN00003045,False
TXN00003046,False
TXN00003047,False
TXN00003048,False
TXN00003049,False
TXN00003050,False
TXN00003051,False
TXN00003052,False
TXN00003053,False
TXN00003054,False
TXN00003055,False
TXN00003056,False
TXN00003057,False
TXN00003058,False
TXN00003059,False
TXN00003060,False
TXN00003061,False
TXN00003062,False
TXN00003063,False
TXN00003064,False
TXN00003065,False
TXN00003066,False
TXN00003067,False
TXN00003068,False
TXN00003069,False
TXN00003070,False
TXN00003071,False
TXN00003072,False
TXN00003073,False
TXN00003074,False
TXN00003075,False
TXN00003076,False
TXN00003077,False
TXN00003078,False
TXN00003079,False
TXN00003080,False
TXN00003081,False
TXN00003082,False
TXN00003083,False
TXN00003084,False
TXN00003085,False
TXN00003086,False
TXN00003087,False
TXN00003088,False
TXN00003089,False
TXN00003090,False
TXN00003091,False
TXN00003092,False
TXN00003093,False
TXN00003094,False
TXN00003095,False
TXN00003096,False
TXN00003097,False
TXN00003098,False
TXN00003099,False
TXN00003100,False
TXN00003101,True
TXN00003102,False
TXN00003103,False
TXN00003104,False
TXN00003105,False
TXN00003106,False
TXN00003107,False
TXN00003108,False
TXN00003109,True
TXN00003110,False
TXN00003111,False
TXN00003112,False
TXN00003113,True
TXN00003114,True
TXN00003115,False
TXN00003116,False
TXN00003117,False
TXN00003118,False
TXN00003119,False
TXN00003120,False
TXN00003121,False
TXN00003122,False
TXN00003123,False
TXN00003124,False
TXN00003125,False
TXN00003126,False
TXN00003127,False
TXN00003128,False
TXN00003129,False
TXN00003130,False
TXN00003131,False
TXN00003132,False
TXN00003133,False
TXN00003134,False
TXN00003135,False
TXN00003136,False
TXN00003137,False
TXN00003138,False
TXN00003139,False
TXN00003140,False
TXN00003141,False
TXN00003142,False
TXN00003143,False
TXN00003144,False
TXN00003145,False
TXN00003146,False
TXN00003147,False
TXN00003148,False
TXN00003149,False
TXN00003150,False
TXN00003151,False
TXN00003152,False
TXN00003153,False
TXN00003154,False
TXN00003155,False
TXN00003156,False
TXN00003157,False
TXN00003158,False
TXN00003159,False
TXN00003160,False
TXN00003161,False
TXN00003162,False
TXN00003163,False
TXN00003164,False
TXN00003165,False
TXN00003166,False
TXN00003167,False
TXN00003168,False
TXN00003169,False
TXN00003170,False
TXN00003171,False
TXN00003172,False
TXN00003173,False
TXN00003174,False
TXN00003175,False
TXN00003176,False
TXN00003177,False
TXN00003178,False
TXN00003179,False
TXN00003180,False
TXN00003181,False
TXN00003182,False
TXN00003183,False
TXN00003184,False
TXN00003185,False
TXN00003186,False
TXN00003187,False
TXN00003188,False
TXN00003189,False
TXN00003190,False
TXN00003191,False
TXN00003192,False
TXN00003193,False
TXN00003194,False
TXN00003195,False
TXN00003196,False
TXN00003197,False
TXN00003198,False
TXN00003199,False
TXN00003200,False
TXN00003201,False
TXN00003202,False
TXN00003203,False
TXN00003204,False
TXN00003205,False
TXN00003206,False
TXN00003207,False
TXN00003208,False
TXN00003209,False
TXN00003210,False
TXN00003211,False
TXN00003212,False
TXN00003213,False
TXN00003214,False
TXN00003215,False
TXN00003216,False
TXN00003217,False
TXN00003218,False
TXN00003219,False
TXN00003220,False
TXN00003221,False
TXN00003222,False
TXN00003223,False
TXN00003224,False
TXN00003225,False
TXN00003226,False
TXN00003227,False
TXN00003228,False
TXN00003229,False
TXN00003230,False
TXN00003231,False
TXN00003232,False
TXN00003233,False
TXN00003234,False
TXN00003235,False
TXN00003236,False
TXN00003237,False
TXN00003238,False
TXN00003239,False
TXN00003240,False
TXN00003241,False
TXN00003242,True
TXN00003243,False
TXN00003244,False
TXN00003245,False
TXN00003246,False
TXN00003247,False
TXN00003248,False
TXN00003249,False
TXN00003250,False
TXN00003251,False
TXN00003252,False
TXN00003253,False
TXN00003254,False
TXN00003255,False
TXN00003256,False
TXN00003257,False
TXN00003258,False
TXN00003259,False
TXN00003260,False
TXN00003261,False
TXN00003262,False
TXN00003263,False
TXN00003264,False
TXN00003265,False
TXN00003266,False
TXN00003267,False
TXN00003268,False
TXN00003269,False
TXN00003270,False
TXN00003271,False
TXN00003272,False
TXN00003273,False
TXN00003274,False
TXN00003275,False
TXN00003276,False
TXN00003277,False
TXN00003278,False
TXN00003279,False
TXN00003280,False
TXN00003281,False
TXN00003282,False
TXN00003283,False
TXN00003284,False
TXN00003285,False
TXN00003286,False
TXN00003287,True
TXN00003288,False
TXN00003289,False
TXN00003290,False
TXN00003291,False
TXN00003292,False
TXN00003293,False
TXN00003294,False
TXN00003295,False
TXN00003296,False
TXN00003297,False
TXN00003298,False
TXN00003299,False
TXN00003300,False
TXN00003301,False
TXN00003302,False
TXN00003303,False
TXN00003304,False
TXN00003305,False
TXN00003306,False
TXN00003307,False
TXN00003308,False
TXN00003309,False
TXN00003310,False
TXN00003311,False
TXN00003312,False
TXN00003313,False
TXN00003314,False
TXN00003315,False
TXN00003316,False
TXN00003317,False
TXN00003318,False
TXN00003319,False
TXN00003320,False
TXN00003321,False
TXN00003322,False
TXN00003323,False
TXN00003324,False
TXN00003325,False
TXN00003326,False
TXN00003327,False
TXN00003328,False
TXN00003329,False
TXN00003330,False
TXN00003331,False
TXN00003332,False
TXN00003333,False
TXN00003334,False
TXN00003335,False
TXN00003336,False
TXN00003337,False
TXN00003338,False
TXN00003339,False
TXN00003340,False
TXN00003341,False
TXN00003342,False
TXN00003343,False
TXN00003344,False
TXN00003345,False
TXN00003346,False
TXN00003347,False
TXN00003348,False
TXN00003349,False
TXN00003350,False
TXN00003351,False
TXN00003352,False
TXN00003353,False
TXN00003354,False
TXN00003355,False
TXN00003356,False
TXN00003357,False
TXN00003358,False
TXN00003359,False
TXN00003360,False
TXN00003361,False
TXN00003362,False
TXN00003363,False
TXN00003364,False
TXN00003365,False
TXN00003366,False
TXN00003367,False
TXN00003368,False
TXN00003369,False
TXN00003370,False
TXN00003371,False
TXN00003372,False
TXN00003373,False
TXN00003374,False
TXN00003375,False
TXN00003376,False
TXN00003377,False
TXN00003378,False
TXN00003379,False
TXN00003380,False
TXN00003381,False
TXN00003382,False
TXN00003383,False
TXN00003384,False
TXN00003385,False
TXN00003386,False
TXN00003387,False
TXN00003388,False
TXN00003389,False
TXN00003390,False
TXN00003391,False
TXN00003392,False
TXN00003393,False
TXN00003394,False
TXN00003395,False
TXN00003396,False
TXN00003397,False
TXN00003398,False
TXN00003399,False
TXN00003400,False
TXN00003401,False
TXN00003402,False
TXN00003403,False
TXN00003404,False
TXN00003405,False
TXN00003406,False
TXN00003407,False
TXN00003408,False
TXN00003409,False
TXN00003410,False
TXN00003411,False
TXN00003412,False
TXN00003413,False
TXN00003414,False
TXN00003415,False
TXN00003416,False
TXN00003417,False
TXN00003418,False
TXN00003419,False
TXN00003420,False
TXN00003421,False
TXN00003422,False
TXN00003423,False
TXN00003424,False
TXN00003425,False
TXN00003426,False
TXN00003427,False
TXN00003428,False
TXN00003429,False
TXN00003430,False
TXN00003431,False
TXN00003432,False
TXN00003433,False
TXN00003434,False
TXN00003435,False
TXN00003436,False
TXN00003437,True
TXN00003438,False
TXN00003439,False
TXN00003440,False
TXN00003441,False
TXN00003442,False
TXN00003443,False
TXN00003444,False
TXN00003445,False
TXN00003446,False
TXN00003447,False
TXN00003448,False
TXN00003449,False
TXN00003450,False
TXN00003451,False
TXN00003452,False
TXN00003453,False
TXN00003454,False
TXN00003455,False
TXN00003456,False
TXN00003457,True
TXN00003458,False
TXN00003459,False
TXN00003460,False
TXN00003461,False
TXN00003462,False
TXN00003463,True
TXN00003464,False
TXN00003465,False
TXN00003466,False
TXN00003467,False
TXN00003468,False
TXN00003469,False
TXN00003470,False
TXN00003471,False
TXN00003472,False
TXN00003473,False
TXN00003474,False
TXN00003475,False
TXN00003476,False
TXN00003477,False
TXN00003478,False
TXN00003479,False
TXN00003480,False
TXN00003481,False
TXN00003482,False
TXN00003483,False
TXN00003484,False
TXN00003485,False
TXN00003486,False
TXN00003487,False
TXN00003488,False
TXN00003489,False
TXN00003490,False
TXN00003491,False
TXN00003492,False
TXN00003493,False
TXN00003494,False
TXN00003495,False
TXN00003496,False
TXN00003497,False
TXN00003498,False
TXN00003499,False
TXN00003500,False
TXN00003501,False
TXN00003502,False
TXN00003503,False
TXN00003504,False
TXN00003505,False
TXN00003506,False
TXN00003507,False
TXN00003508,False
TXN00003509,False
TXN00003510,False
TXN00003511,False
TXN00003512,False
TXN00003513,False
TXN00003514,False
TXN00003515,False
TXN00003516,False
TXN00003517,False
TXN00003518,False
TXN00003519,False
TXN00003520,False
TXN00003521,False
TXN00003522,False
TXN00003523,False
TXN00003524,False
TXN00003525,False
TXN00003526,False
TXN00003527,False
TXN00003528,False
TXN00003529,False
TXN00003530,False
TXN00003531,False
TXN00003532,False
TXN00003533,False
TXN00003534,False
TXN00003535,False
TXN00003536,False
TXN00003537,False
TXN00003538,False
TXN00003539,False
TXN00003540,False
TXN00003541,False
TXN00003542,False
TXN00003543,False
TXN00003544,False
TXN00003545,False
TXN00003546,False
TXN00003547,False
TXN00003548,False
TXN00003549,False
TXN00003550,False
TXN00003551,False
TXN00003552,False
TXN00003553,False
TXN00003554,False
TXN00003555,False
TXN00003556,False
TXN00003557,False
TXN00003558,False
TXN00003559,False
TXN00003560,False
TXN00003561,False
TXN00003562,False
TXN00003563,False
TXN00003564,False
TXN00003565,False
TXN00003566,False
TXN00003567,False
TXN00003568,False
TXN00003569,False
TXN00003570,False
TXN00003571,False
TXN00003572,False
TXN00003573,False
TXN00003574,False
TXN00003575,False
TXN00003576,False
TXN00003577,False
TXN00003578,False
TXN00003579,False
TXN00003580,False
TXN00003581,False
TXN00003582,False
TXN00003583,False
TXN00003584,False
TXN00003585,False
TXN00003586,False
TXN00003587,False
TXN00003588,False
TXN00003589,False
TXN00003590,False
TXN00003591,False
TXN00003592,False
TXN00003593,False
TXN00003594,False
TXN00003595,False
TXN00003596,False
TXN00003597,False
TXN00003598,False
TXN00003599,False
TXN00003600,False
TXN00003601,False
TXN00003602,False
TXN00003603,False
TXN00003604,False
TXN00003605,False
TXN00003606,False
TXN00003607,False
TXN00003608,False
TXN00003609,False
TXN00003610,False
TXN00003611,False
TXN00003612,False
TXN00003613,False
TXN00003614,False
TXN00003615,False
TXN00003616,False
TXN00003617,False
TXN00003618,False
TXN00003619,False
TXN00003620,False
TXN00003621,False
TXN00003622,False
TXN00003623,False
TXN00003624,False
TXN00003625,False
TXN00003626,False
TXN00003627,False
TXN00003628,False
TXN00003629,False
TXN00003630,False
TXN00003631,False
TXN00003632,False
TXN00003633,False
TXN00003634,False
TXN00003635,False
TXN00003636,False
TXN00003637,False
TXN00003638,False
TXN00003639,False
TXN00003640,False
TXN00003641,False
TXN00003642,False
TXN00003643,False
TXN00003644,False
TXN00003645,False
TXN00003646,False
TXN00003647,False
TXN00003648,False
TXN00003649,False
TXN00003650,False
TXN00003651,False
TXN00003652,False
TXN00003653,False
TXN00003654,False
TXN00003655,False
TXN00003656,False
TXN00003657,False
TXN00003658,False
TXN00003659,False
TXN00003660,False
TXN00003661,False
TXN00003662,False
TXN00003663,False
TXN00003664,False
TXN00003665,False
TXN00003666,False
TXN00003667,False
TXN00003668,False
TXN00003669,False
TXN00003670,False
TXN00003671,False
TXN00003672,False
TXN00003673,False
TXN00003674,False
TXN00003675,False
TXN00003676,False
TXN00003677,False
TXN00003678,False
TXN00003679,False
TXN00003680,True
TXN00003681,False
TXN00003682,False
TXN00003683,False
TXN00003684,False
TXN00003685,False
TXN00003686,False
TXN00003687,False
TXN00003688,False
TXN00003689,False
TXN00003690,False
TXN00003691,False
TXN00003692,False
TXN00003693,False
TXN00003694,False
TXN00003695,False
TXN00003696,False
TXN00003697,False
TXN00003698,False
TXN00003699,False
TXN00003700,False
TXN00003701,False
TXN00003702,False
TXN00003703,False
TXN00003704,False
TXN00003705,False
TXN00003706,False
TXN00003707,False
TXN00003708,False
TXN00003709,False
TXN00003710,False
TXN00003711,False
TXN00003712,False
TXN00003713,False
TXN00003714,False
TXN00003715,True
TXN00003716,False
TXN00003717,False
TXN00003718,False
TXN00003719,False
TXN00003720,False
TXN00003721,False
TXN00003722,False
TXN00003723,False
TXN00003724,False
TXN00003725,False
TXN00003726,False
TXN00003727,False
TXN00003728,False
TXN00003729,False
TXN00003730,False
TXN00003731,False
TXN00003732,False
TXN00003733,False
TXN00003734,False
TXN00003735,False
TXN00003736,False
TXN00003737,False
TXN00003738,False
TXN00003739,False
TXN00003740,False
TXN00003741,False
TXN00003742,False
TXN00003743,False
TXN00003744,False
TXN00003745,False
TXN00003746,False
TXN00003747,False
TXN00003748,False
TXN00003749,False
TXN00003750,False
TXN00003751,False
TXN00003752,False
TXN00003753,False
TXN00003754,False
TXN00003755,False
TXN00003756,False
TXN00003757,False
TXN00003758,False
TXN00003759,True
TXN00003760,False
TXN00003761,False
TXN00003762,False
TXN00003763,False
TXN00003764,True
TXN00003765,False
TXN00003766,False
TXN00003767,False
TXN00003768,False
TXN00003769,False
TXN00003770,False
TXN00003771,False
TXN00003772,False
TXN00003773,False
TXN00003774,False
TXN00003775,False
TXN00003776,False
TXN00003777,False
TXN00003778,False
TXN00003779,False
TXN00003780,False
TXN00003781,False
TXN00003782,False
TXN00003783,False
TXN00003784,False
TXN00003785,False
TXN00003786,False
TXN00003787,True
TXN00003788,False
TXN00003789,False
TXN00003790,False
TXN00003791,False
TXN00003792,False
TXN00003793,False
TXN00003794,False
TXN00003795,False
TXN00003796,False
TXN00003797,False
TXN00003798,False
TXN00003799,False
TXN00003800,False
TXN00003801,False
TXN00003802,False
TXN00003803,False
TXN00003804,False
TXN00003805,False
TXN00003806,False
TXN00003807,False
TXN00003808,False
TXN00003809,False
TXN00003810,False
TXN00003811,False
TXN00003812,False
TXN00003813,False
TXN00003814,False
TXN00003815,False
TXN00003816,False
TXN00003817,False
TXN00003818,False
TXN00003819,False
TXN00003820,False
TXN00003821,False
TXN00003822,False
TXN00003823,False
TXN00003824,False
TXN00003825,False
TXN00003826,False
TXN00003827,False
TXN00003828,False
TXN00003829,False
TXN00003830,False
TXN00003831,False
TXN00003832,False
TXN00003833,False
TXN00003834,False
TXN00003835,False
TXN00003836,False
TXN00003837,False
TXN00003838,False
TXN00003839,False
TXN00003840,False
TXN00003841,False
TXN00003842,False
TXN00003843,False
TXN00003844,False
TXN00003845,False
TXN00003846,False
TXN00003847,False
TXN00003848,False
TXN00003849,False
TXN00003850,False
TXN00003851,False
TXN00003852,False
TXN00003853,False
TXN00003854,False
TXN00003855,False
TXN00003856,False
TXN00003857,False
TXN00003858,False
TXN00003859,False
TXN00003860,False
TXN00003861,False
TXN00003862,False
TXN00003863,False
TXN00003864,False
TXN00003865,False
TXN00003866,False
TXN00003867,False
TXN00003868,False
TXN00003869,False
TXN00003870,False
TXN00003871,False
TXN00003872,False
TXN00003873,False
TXN00003874,False
TXN00003875,False
TXN00003876,False
TXN00003877,False
TXN00003878,False
TXN00003879,False
TXN00003880,False
TXN00003881,False
TXN00003882,False
TXN00003883,False
TXN00003884,False
TXN00003885,False
TXN00003886,False
TXN00003887,False
TXN00003888,False
TXN00003889,False
TXN00003890,False
TXN00003891,False
TXN00003892,False
TXN00003893,False
TXN00003894,False
TXN00003895,False
TXN00003896,False
TXN00003897,False
TXN00003898,False
TXN00003899,False
TXN00003900,False
TXN00003901,False
TXN00003902,False
TXN00003903,False
TXN00003904,False
TXN00003905,False
TXN00003906,False
TXN00003907,False
TXN00003908,False
TXN00003909,False
TXN00003910,False
TXN00003911,False
TXN00003912,False
TXN00003913,False
TXN00003914,False
TXN00003915,False
TXN00003916,False
TXN00003917,False
TXN00003918,False
TXN00003919,False
TXN00003920,False
TXN00003921,False
TXN00003922,False
TXN00003923,False
TXN00003924,False
TXN00003925,False
TXN00003926,False
TXN00003927,False
TXN00003928,False
TXN00003929,False
TXN00003930,False
TXN00003931,False
TXN00003932,False
TXN00003933,False
TXN00003934,False
TXN00003935,False
TXN00003936,False
TXN00003937,False
TXN00003938,False
TXN00003939,False
TXN00003940,False
TXN00003941,False
TXN00003942,False
TXN00003943,False
TXN00003944,False
TXN00003945,False
TXN00003946,False
TXN00003947,False
TXN00003948,False
TXN00003949,False
TXN00003950,False
TXN00003951,False
TXN00003952,False
TXN00003953,False
TXN00003954,False
TXN00003955,False
TXN00003956,False
TXN00003957,False
TXN00003958,False
TXN00003959,False
TXN00003960,False
TXN00003961,False
TXN00003962,False
TXN00003963,False
TXN00003964,False
TXN00003965,False
TXN00003966,False
TXN00003967,False
TXN00003968,False
TXN00003969,False
TXN00003970,False
TXN00003971,False
TXN00003972,False
TXN00003973,False
TXN00003974,False
TXN00003975,False
TXN00003976,False
TXN00003977,False
TXN00003978,False
TXN00003979,False
TXN00003980,False
TXN00003981,False
TXN00003982,False
TXN00003983,False
TXN00003984,False
TXN00003985,False
TXN00003986,False
TXN00003987,False
TXN00003988,False
TXN00003989,False
TXN00003990,False
TXN00003991,False
TXN00003992,False
TXN00003993,False
TXN00003994,False
TXN00003995,False
TXN00003996,False
TXN00003997,False
TXN00003998,False
TXN00003999,False
TXN00004000,False
TXN00004001,False
TXN00004002,False
TXN00004003,False
TXN00004004,False
TXN00004005,False
TXN00004006,False
TXN00004007,False
TXN00004008,False
TXN00004009,False
TXN00004010,False
TXN00004011,False
TXN00004012,False
TXN00004013,False
TXN00004014,False
TXN00004015,False
TXN00004016,False
TXN00004017,False
TXN00004018,False
TXN00004019,False
TXN00004020,False
TXN00004021,False
TXN00004022,False
TXN00004023,False
TXN00004024,False
TXN00004025,False
TXN00004026,False
TXN00004027,False
TXN00004028,False
TXN00004029,False
TXN00004030,False
TXN00004031,False
TXN00004032,False
TXN00004033,False
TXN00004034,False
TXN00004035,False
TXN00004036,False
TXN00004037,False
TXN00004038,False
TXN00004039,False
TXN00004040,False
TXN00004041,False
TXN00004042,False
TXN00004043,False
TXN00004044,False
TXN00004045,False
TXN00004046,False
TXN00004047,False
TXN00004048,False
TXN00004049,False
TXN00004050,False
TXN00004051,False
TXN00004052,False
TXN00004053,False
TXN00004054,False
TXN00004055,False
TXN00004056,False
TXN00004057,False
TXN00004058,False
TXN00004059,False
TXN00004060,False
TXN00004061,False
TXN00004062,False
TXN00004063,False
TXN00004064,False
TXN00004065,False
TXN00004066,False
TXN00004067,False
TXN00004068,False
TXN00004069,False
TXN00004070,False
TXN00004071,False
TXN00004072,False
TXN00004073,False
TXN00004074,False
TXN00004075,False
TXN00004076,False
TXN00004077,False
TXN00004078,False
TXN00004079,False
TXN00004080,False
TXN00004081,False
TXN00004082,False
TXN00004083,False
TXN00004084,False
TXN00004085,False
TXN00004086,False
TXN00004087,False
TXN00004088,False
TXN00004089,False
TXN00004090,True
TXN00004091,False
TXN00004092,False
TXN00004093,False
TXN00004094,False
TXN00004095,False
TXN00004096,False
TXN00004097,False
TXN00004098,False
TXN00004099,False
TXN00004100,False
TXN00004101,False
TXN00004102,False
TXN00004103,False
TXN00004104,False
TXN00004105,False
TXN00004106,False
TXN00004107,False
TXN00004108,False
TXN00004109,False
TXN00004110,False
TXN00004111,False
TXN00004112,False
TXN00004113,False
TXN00004114,False
TXN00004115,False
TXN00004116,False
TXN00004117,False
TXN00004118,False
TXN00004119,False
TXN00004120,False
TXN00004121,False
TXN00004122,False
TXN00004123,False
TXN00004124,False
TXN00004125,False
TXN00004126,False
TXN00004127,False
TXN00004128,False
TXN00004129,False
TXN00004130,False
TXN00004131,False
TXN00004132,False
TXN00004133,False
TXN00004134,False
TXN00004135,False
TXN00004136,False
TXN00004137,False
TXN00004138,False
TXN00004139,False
TXN00004140,True
TXN00004141,False
TXN00004142,False
TXN00004143,False
TXN00004144,False
TXN00004145,False
TXN00004146,False
TXN00004147,False
TXN00004148,False
TXN00004149,False
TXN00004150,False
TXN00004151,False
TXN00004152,False
TXN00004153,False
TXN00004154,False
TXN00004155,False
TXN00004156,False
TXN00004157,False
TXN00004158,False
TXN00004159,False
TXN00004160,False
TXN00004161,False
TXN00004162,False
TXN00004163,False
TXN00004164,False
TXN00004165,False
TXN00004166,False
TXN00004167,False
TXN00004168,False
TXN00004169,False
TXN00004170,False
TXN00004171,False
TXN00004172,False
TXN00004173,False
TXN00004174,False
TXN00004175,False
TXN00004176,False
TXN00004177,False
TXN00004178,False
TXN00004179,False
TXN00004180,False
TXN00004181,False
TXN00004182,False
TXN00004183,False
TXN00004184,False
TXN00004185,False
TXN00004186,False
TXN00004187,False
TXN00004188,False
TXN00004189,False
TXN00004190,False
TXN00004191,False
TXN00004192,False
TXN00004193,False
TXN00004194,False
TXN00004195,False
TXN00004196,False
TXN00004197,False
TXN00004198,False
TXN00004199,False
TXN00004200,False
TXN00004201,False
TXN00004202,False
TXN00004203,False
TXN00004204,False
TXN00004205,False
TXN00004206,False
TXN00004207,False
TXN00004208,False
TXN00004209,False
TXN00004210,False
TXN00004211,False
TXN00004212,False
TXN00004213,False
TXN00004214,False
TXN00004215,False
TXN00004216,False
TXN00004217,False
TXN00004218,False
TXN00004219,False
TXN00004220,False
TXN00004221,False
TXN00004222,False
TXN00004223,False
TXN00004224,False
TXN00004225,False
TXN00004226,False
TXN00004227,False
TXN00004228,False
TXN00004229,False
TXN00004230,False
TXN00004231,False
TXN00004232,False
TXN00004233,False
TXN00004234,False
TXN00004235,False
TXN00004236,False
TXN00004237,False
TXN00004238,False
TXN00004239,False
TXN00004240,False
TXN00004241,False
TXN00004242,False
TXN00004243,False
TXN00004244,False
TXN00004245,False
TXN00004246,False
TXN00004247,False
TXN00004248,False
TXN00004249,False
TXN00004250,False
TXN00004251,False
TXN00004252,False
TXN00004253,False
TXN00004254,False
TXN00004255,False
TXN00004256,False
TXN00004257,False
TXN00004258,False
TXN00004259,False
TXN00004260,False
TXN00004261,False
TXN00004262,False
TXN00004263,False
TXN00004264,False
TXN00004265,False
TXN00004266,False
TXN00004267,False
TXN00004268,False
TXN00004269,False
TXN00004270,False
TXN00004271,False
TXN00004272,False
TXN00004273,False
TXN00004274,False
TXN00004275,False
TXN00004276,False
TXN00004277,False
TXN00004278,False
TXN00004279,False
TXN00004280,False
TXN00004281,False
TXN00004282,False
TXN00004283,False
TXN00004284,False
TXN00004285,False
TXN00004286,False
TXN00004287,False
TXN00004288,False
TXN00004289,False
TXN00004290,False
TXN00004291,False
TXN00004292,False
TXN00004293,False
TXN00004294,False
TXN00004295,False
TXN00004296,False
TXN00004297,False
TXN00004298,False
TXN00004299,False
TXN00004300,False
TXN00004301,False
TXN00004302,False
TXN00004303,False
TXN00004304,False
TXN00004305,False
TXN00004306,False
TXN00004307,False
TXN00004308,False
TXN00004309,False
TXN00004310,False
TXN00004311,False
TXN00004312,False
TXN00004313,False
TXN00004314,False
TXN00004315,False
TXN00004316,False
TXN00004317,False
TXN00004318,False
TXN00004319,False
TXN00004320,False
TXN00004321,False
TXN00004322,False
TXN00004323,False
TXN00004324,False
TXN00004325,False
TXN00004326,False
TXN00004327,False
TXN00004328,False
TXN00004329,False
TXN00004330,False
TXN00004331,False
TXN00004332,False
TXN00004333,False
TXN00004334,False
TXN00004335,False
TXN00004336,False
TXN00004337,False
TXN00004338,False
TXN00004339,False
TXN00004340,False
TXN00004341,False
TXN00004342,False
TXN00004343,False
TXN00004344,False
TXN00004345,False
TXN00004346,False
TXN00004347,False
TXN00004348,False
TXN00004349,False
TXN00004350,False
TXN00004351,False
TXN00004352,False
TXN00004353,False
TXN00004354,False
TXN00004355,False
TXN00004356,False
TXN00004357,False
TXN00004358,False
TXN00004359,False
TXN00004360,False
TXN00004361,False
TXN00004362,False
TXN00004363,False
TXN00004364,False
TXN00004365,False
TXN00004366,False
TXN00004367,False
TXN00004368,False
TXN00004369,False
TXN00004370,False
TXN00004371,False
TXN00004372,False
TXN00004373,False
TXN00004374,False
TXN00004375,False
TXN00004376,True
TXN00004377,False
TXN00004378,False
TXN00004379,False
TXN00004380,False
TXN00004381,False
TXN00004382,False
TXN00004383,False
TXN00004384,False
TXN00004385,False
TXN00004386,False
TXN00004387,False
TXN00004388,False
TXN00004389,False
TXN00004390,False
TXN00004391,False
TXN00004392,False
TXN00004393,True
TXN00004394,False
TXN00004395,False
TXN00004396,False
TXN00004397,False
TXN00004398,False
TXN00004399,False
TXN00004400,False
TXN00004401,False
TXN00004402,False
TXN00004403,False
TXN00004404,False
TXN00004405,False
TXN00004406,False
TXN00004407,False
TXN00004408,False
TXN00004409,False
TXN00004410,False
TXN00004411,False
TXN00004412,False
TXN00004413,False
TXN00004414,False
TXN00004415,False
TXN00004416,False
TXN00004417,False
TXN00004418,False
TXN00004419,False
TXN00004420,False
TXN00004421,False
TXN00004422,False
TXN00004423,False
TXN00004424,False
TXN00004425,False
TXN00004426,False
TXN00004427,False
TXN00004428,False
TXN00004429,False
TXN00004430,False
TXN00004431,False
TXN00004432,False
TXN00004433,False
TXN00004434,False
TXN00004435,False
TXN00004436,False
TXN00004437,False
TXN00004438,False
TXN00004439,False
TXN00004440,False
TXN00004441,False
TXN00004442,False
TXN00004443,False
TXN00004444,False
TXN00004445,False
TXN00004446,False
TXN00004447,False
TXN00004448,False
TXN00004449,False
TXN00004450,False
TXN00004451,False
TXN00004452,False
TXN00004453,False
TXN00004454,False
TXN00004455,False
TXN00004456,False
TXN00004457,False
TXN00004458,False
TXN00004459,False
TXN00004460,False
TXN00004461,False
TXN00004462,False
TXN00004463,False
TXN00004464,False
TXN00004465,True
TXN00004466,False
TXN00004467,False
TXN00004468,True
TXN00004469,False
TXN00004470,False
TXN00004471,False
TXN00004472,False
TXN00004473,False
TXN00004474,False
TXN00004475,False
TXN00004476,False
TXN00004477,False
TXN00004478,False
TXN00004479,False
TXN00004480,False
TXN00004481,False
TXN00004482,False
TXN00004483,False
TXN00004484,False
TXN00004485,False
TXN00004486,False
TXN00004487,False
TXN00004488,False
TXN00004489,False
TXN00004490,False
TXN00004491,False
TXN00004492,False
TXN00004493,False
TXN00004494,False
TXN00004495,False
TXN00004496,False
TXN00004497,False
TXN00004498,False
TXN00004499,False
TXN00004500,False
TXN00004501,False
TXN00004502,False
TXN00004503,False
TXN00004504,False
TXN00004505,False
TXN00004506,False
TXN00004507,False
TXN00004508,False
TXN00004509,False
TXN00004510,False
TXN00004511,False
TXN00004512,False
TXN00004513,False
TXN00004514,False
TXN00004515,False
TXN00004516,False
TXN00004517,False
TXN00004518,False
TXN00004519,False
TXN00004520,False
TXN00004521,False
TXN00004522,False
TXN00004523,True
TXN00004524,False
TXN00004525,False
TXN00004526,False
TXN00004527,False
TXN00004528,False
TXN00004529,False
TXN00004530,False
TXN00004531,False
TXN00004532,False
TXN00004533,False
TXN00004534,False
TXN00004535,False
TXN00004536,False
TXN00004537,False
TXN00004538,False
TXN00004539,False
TXN00004540,False
TXN00004541,False
TXN00004542,False
TXN00004543,False
TXN00004544,False
TXN00004545,False
TXN00004546,False
TXN00004547,False
TXN00004548,False
TXN00004549,False
TXN00004550,False
TXN00004551,False
TXN00004552,False
TXN00004553,False
TXN00004554,False
TXN00004555,False
TXN00004556,False
TXN00004557,False
TXN00004558,False
TXN00004559,False
TXN00004560,False
TXN00004561,False
TXN00004562,False
TXN00004563,True
TXN00004564,False
TXN00004565,False
TXN00004566,False
TXN00004567,False
TXN00004568,False
TXN00004569,False
TXN00004570,False
TXN00004571,False
TXN00004572,False
TXN00004573,False
TXN00004574,False
TXN00004575,False
TXN00004576,False
TXN00004577,False
TXN00004578,False
TXN00004579,False
TXN00004580,False
TXN00004581,False
TXN00004582,False
TXN00004583,False
TXN00004584,False
TXN00004585,False
TXN00004586,False
TXN00004587,False
TXN00004588,False
TXN00004589,False
TXN00004590,False
TXN00004591,False
TXN00004592,False
TXN00004593,False
TXN00004594,False
TXN00004595,False
TXN00004596,False
TXN00004597,False
TXN00004598,True
TXN00004599,True
TXN00004600,False
TXN00004601,False
TXN00004602,False
TXN00004603,False
TXN00004604,False
TXN00004605,False
TXN00004606,False
TXN00004607,False
TXN00004608,False
TXN00004609,False
TXN00004610,False
TXN00004611,False
TXN00004612,False
TXN00004613,False
TXN00004614,False
TXN00004615,False
TXN00004616,False
TXN00004617,False
TXN00004618,False
TXN00004619,False
TXN00004620,False
TXN00004621,False
TXN00004622,False
TXN00004623,False
TXN00004624,False
TXN00004625,False
TXN00004626,False
TXN00004627,False
TXN00004628,False
TXN00004629,False
TXN00004630,False
TXN00004631,False
TXN00004632,False
TXN00004633,False
TXN00004634,False
TXN00004635,False
TXN00004636,False
TXN00004637,False
TXN00004638,False
TXN00004639,False
TXN00004640,False
TXN00004641,False
TXN00004642,False
TXN00004643,False
TXN00004644,False
TXN00004645,False
TXN00004646,False
TXN00004647,True
TXN00004648,False
TXN00004649,False
TXN00004650,False
TXN00004651,False
TXN00004652,False
TXN00004653,False
TXN00004654,False
TXN00004655,False
TXN00004656,False
TXN00004657,False
TXN00004658,False
TXN00004659,False
TXN00004660,False
TXN00004661,False
TXN00004662,False
TXN00004663,False
TXN00004664,False
TXN00004665,False
TXN00004666,False
TXN00004667,False
TXN00004668,False
TXN00004669,False
TXN00004670,False
TXN00004671,False
TXN00004672,False
TXN00004673,False
TXN00004674,False
TXN00004675,False
TXN00004676,False
TXN00004677,False
TXN00004678,False
TXN00004679,False
TXN00004680,False
TXN00004681,False
TXN00004682,False
TXN00004683,False
TXN00004684,False
TXN00004685,False
TXN00004686,False
TXN00004687,False
TXN00004688,False
TXN00004689,False
TXN00004690,False
TXN00004691,False
TXN00004692,False
TXN00004693,False
TXN00004694,False
TXN00004695,False
TXN00004696,False
TXN00004697,False
TXN00004698,False
TXN00004699,False
TXN00004700,False
TXN00004701,False
TXN00004702,False
TXN00004703,False
TXN00004704,False
TXN00004705,False
TXN00004706,False
TXN00004707,False
TXN00004708,False
TXN00004709,False
TXN00004710,False
TXN00004711,False
TXN00004712,False
TXN00004713,False
TXN00004714,False
TXN00004715,False
TXN00004716,False
TXN00004717,False
TXN00004718,False
TXN00004719,False
TXN00004720,False
TXN00004721,False
TXN00004722,False
TXN00004723,False
TXN00004724,False
TXN00004725,False
TXN00004726,False
TXN00004727,False
TXN00004728,False
TXN00004729,False
TXN00004730,True
TXN00004731,False
TXN00004732,False
TXN00004733,False
TXN00004734,False
TXN00004735,False
TXN00004736,False
TXN00004737,False
TXN00004738,False
TXN00004739,False
TXN00004740,False
TXN00004741,False
TXN00004742,False
TXN00004743,False
TXN00004744,False
TXN00004745,False
TXN00004746,False
TXN00004747,False
TXN00004748,False
TXN00004749,False
TXN00004750,False
TXN00004751,False
TXN00004752,False
TXN00004753,False
TXN00004754,False
TXN00004755,False
TXN00004756,False
TXN00004757,False
TXN00004758,False
TXN00004759,False
TXN00004760,False
TXN00004761,False
TXN00004762,False
TXN00004763,False
TXN00004764,False
TXN00004765,False
TXN00004766,False
TXN00004767,False
TXN00004768,False
TXN00004769,False
TXN00004770,False
TXN00004771,False
TXN00004772,False
TXN00004773,False
TXN00004774,False
TXN00004775,False
TXN00004776,False
TXN00004777,False
TXN00004778,False
TXN00004779,False
TXN00004780,False
TXN00004781,False
TXN00004782,False
TXN00004783,False
TXN00004784,False
TXN00004785,False
TXN00004786,False
TXN00004787,False
TXN00004788,False
TXN00004789,False
TXN00004790,False
TXN00004791,False
TXN00004792,False
TXN00004793,False
TXN00004794,False
TXN00004795,False
TXN00004796,False
TXN00004797,False
TXN00004798,False
TXN00004799,False
TXN00004800,False
TXN00004801,False
TXN00004802,False
TXN00004803,False
TXN00004804,False
TXN00004805,False
TXN00004806,False
TXN00004807,False
TXN00004808,False
TXN00004809,False
TXN00004810,False
TXN00004811,False
TXN00004812,False
TXN00004813,False
TXN00004814,False
TXN00004815,False
TXN00004816,False
TXN00004817,False
TXN00004818,False
TXN00004819,False
TXN00004820,False
TXN00004821,False
TXN00004822,False
TXN00004823,False
TXN00004824,False
TXN00004825,False
TXN00004826,False
TXN00004827,False
TXN00004828,True
TXN00004829,False
TXN00004830,False
TXN00004831,False
TXN00004832,False
TXN00004833,False
TXN00004834,False
TXN00004835,False
TXN00004836,False
TXN00004837,False
TXN00004838,True
TXN00004839,False
TXN00004840,False
TXN00004841,False
TXN00004842,False
TXN00004843,False
TXN00004844,False
TXN00004845,False
TXN00004846,False
TXN00004847,False
TXN00004848,False
TXN00004849,False
TXN00004850,False
TXN00004851,False
TXN00004852,False
TXN00004853,False
TXN00004854,False
TXN00004855,False
TXN00004856,False
TXN00004857,False
TXN00004858,False
TXN00004859,False
TXN00004860,False
TXN00004861,False
TXN00004862,False
TXN00004863,False
TXN00004864,False
TXN00004865,False
TXN00004866,False
TXN00004867,False
TXN00004868,False
TXN00004869,False
TXN00004870,False
TXN00004871,False
TXN00004872,False
TXN00004873,False
TXN00004874,False
TXN00004875,False
TXN00004876,False
TXN00004877,False
TXN00004878,False
TXN00004879,False
TXN00004880,False
TXN00004881,False
TXN00004882,False
TXN00004883,False
TXN00004884,False
TXN00004885,False
TXN00004886,False
TXN00004887,False
TXN00004888,False
TXN00004889,False
TXN00004890,False
TXN00004891,False
TXN00004892,False
TXN00004893,False
TXN00004894,False
TXN00004895,False
TXN00004896,False
TXN00004897,False
TXN00004898,False
TXN00004899,False
TXN00004900,False
TXN00004901,False
TXN00004902,False
TXN00004903,False
TXN00004904,False
TXN00004905,False
TXN00004906,False
TXN00004907,False
TXN00004908,False
TXN00004909,False
TXN00004910,False
TXN00004911,False
TXN00004912,False
TXN00004913,False
TXN00004914,False
TXN00004915,False
TXN00004916,False
TXN00004917,False
TXN00004918,False
TXN00004919,False
TXN00004920,False
TXN00004921,False
TXN00004922,False
TXN00004923,False
TXN00004924,False
TXN00004925,False
TXN00004926,False
TXN00004927,False
TXN00004928,False
TXN00004929,False
TXN00004930,False
TXN00004931,False
TXN00004932,True
TXN00004933,False
TXN00004934,False
TXN00004935,False
TXN00004936,False
TXN00004937,False
TXN00004938,False
TXN00004939,False
TXN00004940,False
TXN00004941,False
TXN00004942,False
TXN00004943,False
TXN00004944,False
TXN00004945,False
TXN00004946,True
TXN00004947,False
TXN00004948,False
TXN00004949,False
TXN00004950,False
TXN00004951,False
TXN00004952,False
TXN00004953,False
TXN00004954,False
TXN00004955,False
TXN00004956,False
TXN00004957,False
TXN00004958,False
TXN00004959,False
TXN00004960,False
TXN00004961,False
TXN00004962,False
TXN00004963,False
TXN00004964,False
TXN00004965,False
TXN00004966,False
TXN00004967,False
TXN00004968,False
TXN00004969,False
TXN00004970,False
TXN00004971,False
TXN00004972,False
TXN00004973,False
TXN00004974,False
TXN00004975,False
TXN00004976,False
TXN00004977,False
TXN00004978,False
TXN00004979,False
TXN00004980,False
TXN00004981,False
TXN00004982,False
TXN00004983,False
TXN00004984,False
TXN00004985,False
TXN00004986,False
TXN00004987,False
TXN00004988,False
TXN00004989,False
TXN00004990,False
TXN00004991,True
TXN00004992,False
TXN00004993,False
TXN00004994,False
TXN00004995,False
TXN00004996,False
TXN00004997,False
TXN00004998,False
TXN00004999,False
TXN00005000,False
